timestamp,temp_f,rainfall_mm
8/28/19 15:15,90.495,0
8/28/19 15:30,95.976,0
8/28/19 15:45,94.062,0
8/28/19 16:00,93.493,0
8/28/19 16:15,92.737,0
8/28/19 16:30,90.867,0
8/28/19 16:45,90.124,0
8/28/19 17:00,89.569,0
8/28/19 17:15,83.579,0
8/28/19 17:26,,0.2
8/28/19 17:30,77.4,0
8/28/19 17:45,73.234,0
8/28/19 18:00,71.683,0
8/28/19 18:15,70.48,0
8/28/19 18:17,,0.2
8/28/19 18:18,,0.2
8/28/19 18:18,,0.2
8/28/19 18:18,,0.2
8/28/19 18:19,,0.2
8/28/19 18:21,,0.2
8/28/19 18:23,,0.2
8/28/19 18:30,68.934,0
8/28/19 18:45,67.564,0
8/28/19 19:00,66.879,0
8/28/19 19:07,,0.2
8/28/19 19:15,66.708,0
8/28/19 19:30,66.537,0
8/28/19 19:45,66.537,0
8/28/19 20:00,66.708,0
8/28/19 20:15,66.708,0
8/28/19 20:30,66.708,0
8/28/19 20:45,66.537,0
8/28/19 21:00,66.366,0
8/28/19 21:15,66.193,0
8/28/19 21:30,66.193,0
8/28/19 21:45,66.193,0
8/28/19 22:00,66.193,0
8/28/19 22:15,66.022,0
8/28/19 22:30,66.022,0
8/28/19 22:45,66.022,0
8/28/19 23:00,65.851,0
8/28/19 23:15,65.851,0
8/28/19 23:30,65.851,0
8/28/19 23:45,65.68,0
8/29/19 0:00,65.851,0
8/29/19 0:15,65.68,0
8/29/19 0:30,65.68,0
8/29/19 0:45,65.68,0
8/29/19 1:00,65.851,0
8/29/19 1:15,66.022,0
8/29/19 1:30,66.193,0
8/29/19 1:45,66.022,0
8/29/19 2:00,65.851,0
8/29/19 2:15,65.851,0
8/29/19 2:30,66.022,0
8/29/19 2:45,66.193,0
8/29/19 3:00,66.193,0
8/29/19 3:15,66.193,0
8/29/19 3:30,66.193,0
8/29/19 3:35,,0.2
8/29/19 3:45,66.022,0
8/29/19 4:00,65.851,0
8/29/19 4:15,65.851,0
8/29/19 4:30,65.851,0
8/29/19 4:45,65.851,0
8/29/19 5:00,65.68,0
8/29/19 5:15,65.338,0
8/29/19 5:30,64.996,0
8/29/19 5:45,64.825,0
8/29/19 6:00,64.825,0
8/29/19 6:15,64.825,0
8/29/19 6:30,64.996,0
8/29/19 6:45,65.167,0
8/29/19 7:00,65.167,0
8/29/19 7:15,65.509,0
8/29/19 7:30,65.851,0
8/29/19 7:45,66.366,0
8/29/19 8:00,67.05,0
8/29/19 8:15,68.077,0
8/29/19 8:30,69.793,0
8/29/19 8:45,71.168,0
8/29/19 9:00,72.372,0
8/29/19 9:15,72.718,0
8/29/19 9:30,73.58,0
8/29/19 9:45,73.407,0
8/29/19 10:00,73.753,0
8/29/19 10:15,75.312,0
8/29/19 10:30,76.181,0
8/29/19 10:45,76.528,0
8/29/19 11:00,76.703,0
8/29/19 11:15,77.574,0
8/29/19 11:30,79.151,0
8/29/19 11:45,82.508,0
8/29/19 12:00,84.474,0
8/29/19 12:15,82.686,0
8/29/19 12:30,85.194,0
8/29/19 12:45,87.552,0
8/29/19 13:00,87.186,0
8/29/19 13:15,89.017,0
8/29/19 13:30,89.384,0
8/29/19 13:45,89.2,0
8/29/19 14:00,85.374,0
8/29/19 14:15,82.686,0
8/29/19 14:30,80.735,0
8/29/19 14:45,84.474,0
8/29/19 15:00,86.097,0
8/29/19 15:15,88.466,0
8/29/19 15:30,89.938,0
8/29/19 15:45,87.186,0
8/29/19 16:00,87.915,0
8/29/19 16:15,87.186,0
8/29/19 16:30,84.474,0
8/29/19 16:45,81.975,0
8/29/19 17:00,77.4,0
8/29/19 17:12,,0.2
8/29/19 17:15,74.791,0
8/29/19 17:29,,0.2
8/29/19 17:29,,0.2
8/29/19 17:30,,0.2
8/29/19 17:30,71.683,0
8/29/19 17:45,69.793,0
8/29/19 18:00,69.964,0
8/29/19 18:15,70.137,0
8/29/19 18:30,69.793,0
8/29/19 18:45,69.449,0
8/29/19 19:00,69.107,0
8/29/19 19:15,68.763,0
8/29/19 19:30,68.592,0
8/29/19 19:45,68.077,0
8/29/19 20:00,67.564,0
8/29/19 20:15,67.221,0
8/29/19 20:30,66.879,0
8/29/19 20:45,66.537,0
8/29/19 21:00,66.366,0
8/29/19 21:15,66.193,0
8/29/19 21:30,66.193,0
8/29/19 21:45,65.851,0
8/29/19 22:00,65.851,0
8/29/19 22:15,65.851,0
8/29/19 22:30,66.022,0
8/29/19 22:45,66.193,0
8/29/19 23:00,66.193,0
8/29/19 23:15,66.022,0
8/29/19 23:30,65.509,0
8/29/19 23:45,65.338,0
8/30/19 0:00,65.338,0
8/30/19 0:15,64.652,0
8/30/19 0:30,64.31,0
8/30/19 0:34,,0.2
8/30/19 0:45,63.797,0
8/30/19 1:00,63.626,0
8/30/19 1:15,63.455,0
8/30/19 1:30,63.282,0
8/30/19 1:45,63.455,0
8/30/19 2:00,63.282,0
8/30/19 2:15,62.94,0
8/30/19 2:30,62.769,0
8/30/19 2:45,62.598,0
8/30/19 3:00,62.598,0
8/30/19 3:15,62.425,0
8/30/19 3:30,62.254,0
8/30/19 3:45,62.083,0
8/30/19 4:00,61.912,0
8/30/19 4:15,61.741,0
8/30/19 4:30,61.569,0
8/30/19 4:45,61.398,0
8/30/19 5:00,61.398,0
8/30/19 5:15,61.398,0
8/30/19 5:30,61.227,0
8/30/19 5:45,61.054,0
8/30/19 6:00,61.054,0
8/30/19 6:15,61.227,0
8/30/19 6:30,61.569,0
8/30/19 6:45,61.912,0
8/30/19 7:00,63.111,0
8/30/19 7:15,64.996,0
8/30/19 7:30,66.708,0
8/30/19 7:45,69.278,0
8/30/19 8:00,71.339,0
8/30/19 8:15,76.703,0
8/30/19 8:30,78.975,0
8/30/19 8:45,79.678,0
8/30/19 9:00,81.621,0
8/30/19 9:15,83.221,0
8/30/19 9:30,81.442,0
8/30/19 9:45,82.152,0
8/30/19 10:00,81.266,0
8/30/19 10:15,80.206,0
8/30/19 10:30,84.295,0
8/30/19 10:45,84.474,0
8/30/19 11:00,84.654,0
8/30/19 11:15,80.911,0
8/30/19 11:30,80.382,0
8/30/19 11:45,81.266,0
8/30/19 12:00,82.152,0
8/30/19 12:15,83.935,0
8/30/19 12:30,83.935,0
8/30/19 12:45,87.004,0
8/30/19 13:00,85.915,0
8/30/19 13:15,82.864,0
8/30/19 13:30,87.915,0
8/30/19 13:45,90.124,0
8/30/19 14:00,86.641,0
8/30/19 14:15,82.686,0
8/30/19 14:30,81.09,0
8/30/19 14:45,78.8,0
8/30/19 15:00,77.749,0
8/30/19 15:15,80.559,0
8/30/19 15:30,81.621,0
8/30/19 15:45,84.834,0
8/30/19 16:00,90.68,0
8/30/19 16:15,90.68,0
8/30/19 16:30,90.124,0
8/30/19 16:45,88.65,0
8/30/19 17:00,83.757,0
8/30/19 17:15,82.33,0
8/30/19 17:30,83.221,0
8/30/19 17:45,82.864,0
8/30/19 18:00,81.442,0
8/30/19 18:15,77.05,0
8/30/19 18:30,73.753,0
8/30/19 18:45,72.199,0
8/30/19 19:00,71.168,0
8/30/19 19:15,70.824,0
8/30/19 19:30,70.137,0
8/30/19 19:45,69.622,0
8/30/19 20:00,69.278,0
8/30/19 20:15,69.107,0
8/30/19 20:30,68.934,0
8/30/19 20:45,68.763,0
8/30/19 21:00,68.592,0
8/30/19 21:15,68.421,0
8/30/19 21:30,68.421,0
8/30/19 21:45,68.077,0
8/30/19 22:00,67.906,0
8/30/19 22:15,68.077,0
8/30/19 22:30,68.077,0
8/30/19 22:45,68.077,0
8/30/19 23:00,68.077,0
8/30/19 23:15,68.248,0
8/30/19 23:30,68.248,0
8/30/19 23:45,68.077,0
8/31/19 0:00,67.906,0
8/31/19 0:15,68.077,0
8/31/19 0:30,68.077,0
8/31/19 0:45,67.906,0
8/31/19 1:00,67.906,0
8/31/19 1:15,67.906,0
8/31/19 1:30,67.906,0
8/31/19 1:45,67.906,0
8/31/19 1:57,,0.2
8/31/19 2:00,67.735,0
8/31/19 2:15,67.05,0
8/31/19 2:30,66.879,0
8/31/19 2:45,66.708,0
8/31/19 2:55,,0.2
8/31/19 3:00,66.708,0
8/31/19 3:15,66.708,0
8/31/19 3:30,66.537,0
8/31/19 3:45,66.366,0
8/31/19 4:00,66.537,0
8/31/19 4:10,,0.2
8/31/19 4:15,,0.2
8/31/19 4:15,66.366,0
8/31/19 4:19,,0.2
8/31/19 4:23,,0.2
8/31/19 4:27,,0.2
8/31/19 4:30,66.193,0
8/31/19 4:40,,0.2
8/31/19 4:43,,0.2
8/31/19 4:45,66.022,0
8/31/19 4:46,,0.2
8/31/19 4:50,,0.2
8/31/19 4:55,,0.2
8/31/19 4:59,,0.2
8/31/19 5:00,66.022,0
8/31/19 5:06,,0.2
8/31/19 5:15,66.022,0
8/31/19 5:17,,0.2
8/31/19 5:21,,0.2
8/31/19 5:25,,0.2
8/31/19 5:28,,0.2
8/31/19 5:30,66.022,0
8/31/19 5:31,,0.2
8/31/19 5:34,,0.2
8/31/19 5:35,,0.2
8/31/19 5:36,,0.2
8/31/19 5:36,,0.2
8/31/19 5:37,,0.2
8/31/19 5:37,,0.2
8/31/19 5:38,,0.2
8/31/19 5:38,,0.2
8/31/19 5:38,,0.2
8/31/19 5:39,,0.2
8/31/19 5:40,,0.2
8/31/19 5:40,,0.2
8/31/19 5:41,,0.2
8/31/19 5:41,,0.2
8/31/19 5:41,,0.2
8/31/19 5:42,,0.2
8/31/19 5:42,,0.2
8/31/19 5:42,,0.2
8/31/19 5:42,,0.2
8/31/19 5:42,,0.2
8/31/19 5:43,,0.2
8/31/19 5:43,,0.2
8/31/19 5:43,,0.2
8/31/19 5:44,,0.2
8/31/19 5:44,,0.2
8/31/19 5:44,,0.2
8/31/19 5:45,,0.2
8/31/19 5:45,65.851,0
8/31/19 5:45,,0.2
8/31/19 5:46,,0.2
8/31/19 5:47,,0.2
8/31/19 5:48,,0.2
8/31/19 5:49,,0.2
8/31/19 5:50,,0.2
8/31/19 5:51,,0.2
8/31/19 5:51,,0.2
8/31/19 5:52,,0.2
8/31/19 5:52,,0.2
8/31/19 5:53,,0.2
8/31/19 5:54,,0.2
8/31/19 5:54,,0.2
8/31/19 5:55,,0.2
8/31/19 5:56,,0.2
8/31/19 5:56,,0.2
8/31/19 5:57,,0.2
8/31/19 5:58,,0.2
8/31/19 5:59,,0.2
8/31/19 5:59,,0.2
8/31/19 6:00,,0.2
8/31/19 6:00,65.68,0
8/31/19 6:00,,0.2
8/31/19 6:01,,0.2
8/31/19 6:01,,0.2
8/31/19 6:01,,0.2
8/31/19 6:02,,0.2
8/31/19 6:02,,0.2
8/31/19 6:02,,0.2
8/31/19 6:03,,0.2
8/31/19 6:03,,0.2
8/31/19 6:03,,0.2
8/31/19 6:04,,0.2
8/31/19 6:04,,0.2
8/31/19 6:04,,0.2
8/31/19 6:05,,0.2
8/31/19 6:05,,0.2
8/31/19 6:05,,0.2
8/31/19 6:05,,0.2
8/31/19 6:06,,0.2
8/31/19 6:06,,0.2
8/31/19 6:06,,0.2
8/31/19 6:07,,0.2
8/31/19 6:07,,0.2
8/31/19 6:07,,0.2
8/31/19 6:08,,0.2
8/31/19 6:08,,0.2
8/31/19 6:08,,0.2
8/31/19 6:08,,0.2
8/31/19 6:09,,0.2
8/31/19 6:09,,0.2
8/31/19 6:10,,0.2
8/31/19 6:10,,0.2
8/31/19 6:11,,0.2
8/31/19 6:11,,0.2
8/31/19 6:12,,0.2
8/31/19 6:12,,0.2
8/31/19 6:13,,0.2
8/31/19 6:13,,0.2
8/31/19 6:13,,0.2
8/31/19 6:14,,0.2
8/31/19 6:14,,0.2
8/31/19 6:15,,0.2
8/31/19 6:15,65.509,0
8/31/19 6:15,,0.2
8/31/19 6:16,,0.2
8/31/19 6:17,,0.2
8/31/19 6:17,,0.2
8/31/19 6:17,,0.2
8/31/19 6:18,,0.2
8/31/19 6:18,,0.2
8/31/19 6:18,,0.2
8/31/19 6:19,,0.2
8/31/19 6:19,,0.2
8/31/19 6:19,,0.2
8/31/19 6:19,,0.2
8/31/19 6:20,,0.2
8/31/19 6:20,,0.2
8/31/19 6:20,,0.2
8/31/19 6:21,,0.2
8/31/19 6:21,,0.2
8/31/19 6:21,,0.2
8/31/19 6:22,,0.2
8/31/19 6:22,,0.2
8/31/19 6:23,,0.2
8/31/19 6:24,,0.2
8/31/19 6:25,,0.2
8/31/19 6:26,,0.2
8/31/19 6:27,,0.2
8/31/19 6:28,,0.2
8/31/19 6:29,,0.2
8/31/19 6:30,,0.2
8/31/19 6:30,64.996,0
8/31/19 6:31,,0.2
8/31/19 6:32,,0.2
8/31/19 6:32,,0.2
8/31/19 6:33,,0.2
8/31/19 6:33,,0.2
8/31/19 6:34,,0.2
8/31/19 6:34,,0.2
8/31/19 6:34,,0.2
8/31/19 6:35,,0.2
8/31/19 6:35,,0.2
8/31/19 6:36,,0.2
8/31/19 6:36,,0.2
8/31/19 6:36,,0.2
8/31/19 6:37,,0.2
8/31/19 6:37,,0.2
8/31/19 6:38,,0.2
8/31/19 6:38,,0.2
8/31/19 6:38,,0.2
8/31/19 6:39,,0.2
8/31/19 6:39,,0.2
8/31/19 6:40,,0.2
8/31/19 6:40,,0.2
8/31/19 6:41,,0.2
8/31/19 6:41,,0.2
8/31/19 6:42,,0.2
8/31/19 6:43,,0.2
8/31/19 6:43,,0.2
8/31/19 6:44,,0.2
8/31/19 6:45,64.996,0
8/31/19 6:46,,0.2
8/31/19 6:47,,0.2
8/31/19 6:49,,0.2
8/31/19 6:51,,0.2
8/31/19 6:53,,0.2
8/31/19 6:56,,0.2
8/31/19 6:58,,0.2
8/31/19 7:00,64.825,0
8/31/19 7:01,,0.2
8/31/19 7:03,,0.2
8/31/19 7:06,,0.2
8/31/19 7:09,,0.2
8/31/19 7:12,,0.2
8/31/19 7:14,,0.2
8/31/19 7:15,64.825,0
8/31/19 7:16,,0.2
8/31/19 7:18,,0.2
8/31/19 7:21,,0.2
8/31/19 7:24,,0.2
8/31/19 7:26,,0.2
8/31/19 7:28,,0.2
8/31/19 7:30,64.825,0
8/31/19 7:32,,0.2
8/31/19 7:36,,0.2
8/31/19 7:41,,0.2
8/31/19 7:45,64.825,0
8/31/19 7:49,,0.2
8/31/19 8:00,64.996,0
8/31/19 8:01,,0.2
8/31/19 8:15,65.509,0
8/31/19 8:17,,0.2
8/31/19 8:30,66.537,0
8/31/19 8:45,67.906,0
8/31/19 9:00,69.622,0
8/31/19 9:15,71.856,0
8/31/19 9:30,73.926,0
8/31/19 9:45,73.062,0
8/31/19 10:00,72.199,0
8/31/19 10:15,70.824,0
8/31/19 10:30,71.168,0
8/31/19 10:45,73.062,0
8/31/19 11:00,74.964,0
8/31/19 11:15,74.098,0
8/31/19 11:30,73.926,0
8/31/19 11:45,77.749,0
8/31/19 12:00,84.474,0
8/31/19 12:15,87.733,0
8/31/19 12:30,90.124,0
8/31/19 12:45,85.554,0
8/31/19 13:00,87.186,0
8/31/19 13:15,91.24,0
8/31/19 13:30,89.2,0
8/31/19 13:45,87.186,0
8/31/19 14:00,89.2,0
8/31/19 14:15,89.755,0
8/31/19 14:30,86.277,0
8/31/19 14:45,83.043,0
8/31/19 15:00,85.194,0
8/31/19 15:15,83.935,0
8/31/19 15:30,86.277,0
8/31/19 15:45,86.277,0
8/31/19 16:00,86.097,0
8/31/19 16:15,83.935,0
8/31/19 16:30,85.374,0
8/31/19 16:45,87.733,0
8/31/19 17:00,84.474,0
8/31/19 17:15,81.442,0
8/31/19 17:30,79.502,0
8/31/19 17:45,77.749,0
8/31/19 18:00,74.791,0
8/31/19 18:15,72.718,0
8/31/19 18:30,71.168,0
8/31/19 18:45,70.308,0
8/31/19 19:00,69.449,0
8/31/19 19:15,68.934,0
8/31/19 19:30,68.077,0
8/31/19 19:45,66.708,0
8/31/19 20:00,65.68,0
8/31/19 20:15,64.825,0
8/31/19 20:30,64.481,0
8/31/19 20:45,64.31,0
8/31/19 21:00,63.968,0
8/31/19 21:15,63.968,0
8/31/19 21:30,63.626,0
8/31/19 21:45,63.797,0
8/31/19 22:00,64.139,0
8/31/19 22:15,63.968,0
8/31/19 22:30,63.968,0
8/31/19 22:45,63.626,0
8/31/19 23:00,63.797,0
8/31/19 23:15,63.968,0
8/31/19 23:30,64.481,0
8/31/19 23:45,64.996,0
9/1/19 0:00,65.68,0
9/1/19 0:15,66.193,0
9/1/19 0:30,66.537,0
9/1/19 0:45,66.537,0
9/1/19 1:00,66.879,0
9/1/19 1:15,67.05,0
9/1/19 1:30,66.879,0
9/1/19 1:45,66.708,0
9/1/19 2:00,66.537,0
9/1/19 2:15,66.537,0
9/1/19 2:27,,0.2
9/1/19 2:30,66.193,0
9/1/19 2:45,65.851,0
9/1/19 2:52,,0.2
9/1/19 3:00,65.68,0
9/1/19 3:06,,0.2
9/1/19 3:15,65.509,0
9/1/19 3:22,,0.2
9/1/19 3:30,65.338,0
9/1/19 3:44,,0.2
9/1/19 3:45,65.167,0
9/1/19 4:00,64.996,0
9/1/19 4:15,64.825,0
9/1/19 4:30,64.652,0
9/1/19 4:45,64.652,0
9/1/19 5:00,64.652,0
9/1/19 5:07,,0.2
9/1/19 5:15,64.31,0
9/1/19 5:30,64.139,0
9/1/19 5:45,64.139,0
9/1/19 6:00,64.31,0
9/1/19 6:15,64.31,0
9/1/19 6:17,,0.2
9/1/19 6:30,64.481,0
9/1/19 6:45,64.652,0
9/1/19 7:00,64.996,0
9/1/19 7:15,65.338,0
9/1/19 7:30,66.022,0
9/1/19 7:45,67.05,0
9/1/19 8:00,67.564,0
9/1/19 8:15,68.592,0
9/1/19 8:30,70.308,0
9/1/19 8:45,73.234,0
9/1/19 9:00,74.964,0
9/1/19 9:15,75.139,0
9/1/19 9:30,76.528,0
9/1/19 9:45,78.098,0
9/1/19 10:00,79.678,0
9/1/19 10:15,79.326,0
9/1/19 10:30,77.749,0
9/1/19 10:45,76.876,0
9/1/19 11:00,76.876,0
9/1/19 11:15,76.703,0
9/1/19 11:30,75.832,0
9/1/19 11:45,75.139,0
9/1/19 12:00,74.619,0
9/1/19 12:15,74.619,0
9/1/19 12:30,75.484,0
9/1/19 12:45,78.624,0
9/1/19 13:00,80.206,0
9/1/19 13:15,81.442,0
9/1/19 13:30,82.508,0
9/1/19 13:45,82.686,0
9/1/19 14:00,83.399,0
9/1/19 14:15,80.735,0
9/1/19 14:30,78.8,0
9/1/19 14:45,80.382,0
9/1/19 15:00,82.152,0
9/1/19 15:15,83.043,0
9/1/19 15:30,81.266,0
9/1/19 15:45,80.735,0
9/1/19 16:00,80.206,0
9/1/19 16:15,79.678,0
9/1/19 16:30,80.559,0
9/1/19 16:45,78.975,0
9/1/19 17:00,78.098,0
9/1/19 17:15,81.975,0
9/1/19 17:30,83.935,0
9/1/19 17:45,82.152,0
9/1/19 18:00,76.703,0
9/1/19 18:15,72.545,0
9/1/19 18:30,69.964,0
9/1/19 18:45,68.248,0
9/1/19 19:00,66.879,0
9/1/19 19:15,66.193,0
9/1/19 19:30,65.68,0
9/1/19 19:45,65.338,0
9/1/19 20:00,65.167,0
9/1/19 20:15,64.652,0
9/1/19 20:30,63.968,0
9/1/19 20:45,63.282,0
9/1/19 21:00,62.769,0
9/1/19 21:15,62.598,0
9/1/19 21:30,62.425,0
9/1/19 21:45,62.254,0
9/1/19 22:00,62.083,0
9/1/19 22:15,62.083,0
9/1/19 22:30,62.083,0
9/1/19 22:45,62.083,0
9/1/19 23:00,62.083,0
9/1/19 23:15,61.912,0
9/1/19 23:30,61.912,0
9/1/19 23:45,61.912,0
9/2/19 0:00,61.741,0
9/2/19 0:15,61.741,0
9/2/19 0:30,61.741,0
9/2/19 0:45,61.912,0
9/2/19 1:00,62.083,0
9/2/19 1:15,62.254,0
9/2/19 1:30,62.425,0
9/2/19 1:45,62.425,0
9/2/19 2:00,62.598,0
9/2/19 2:15,62.598,0
9/2/19 2:30,62.425,0
9/2/19 2:45,62.254,0
9/2/19 3:00,61.912,0
9/2/19 3:15,61.569,0
9/2/19 3:30,61.227,0
9/2/19 3:45,61.054,0
9/2/19 4:00,61.227,0
9/2/19 4:15,61.741,0
9/2/19 4:30,62.083,0
9/2/19 4:45,62.083,0
9/2/19 5:00,61.741,0
9/2/19 5:15,61.569,0
9/2/19 5:30,61.912,0
9/2/19 5:45,61.912,0
9/2/19 6:00,61.912,0
9/2/19 6:15,62.083,0
9/2/19 6:30,62.083,0
9/2/19 6:45,62.254,0
9/2/19 7:00,62.769,0
9/2/19 7:15,64.139,0
9/2/19 7:30,65.68,0
9/2/19 7:45,67.392,0
9/2/19 8:00,71.339,0
9/2/19 8:15,75.832,0
9/2/19 8:30,79.326,0
9/2/19 8:45,81.975,0
9/2/19 9:00,82.152,0
9/2/19 9:15,79.151,0
9/2/19 9:30,77.05,0
9/2/19 9:45,83.399,0
9/2/19 10:00,88.282,0
9/2/19 10:15,88.282,0
9/2/19 10:30,85.735,0
9/2/19 10:45,85.374,0
9/2/19 11:00,89.017,0
9/2/19 11:15,93.682,0
9/2/19 11:30,94.253,0
9/2/19 11:45,88.65,0
9/2/19 12:00,87.368,0
9/2/19 12:15,86.823,0
9/2/19 12:30,86.641,0
9/2/19 12:45,84.115,0
9/2/19 12:54,,0.2
9/2/19 12:57,,0.2
9/2/19 13:00,,0.2
9/2/19 13:00,80.206,0
9/2/19 13:15,75.832,0
9/2/19 13:30,74.098,0
9/2/19 13:45,74.446,0
9/2/19 14:00,75.659,0
9/2/19 14:15,78.8,0
9/2/19 14:30,82.864,0
9/2/19 14:45,86.641,0
9/2/19 15:00,87.368,0
9/2/19 15:15,89.938,0
9/2/19 15:30,90.68,0
9/2/19 15:45,91.987,0
9/2/19 16:00,91.24,0
9/2/19 16:15,91.987,0
9/2/19 16:18,,0.2
9/2/19 16:19,,0.2
9/2/19 16:19,,0.2
9/2/19 16:19,,0.2
9/2/19 16:20,,0.2
9/2/19 16:20,,0.2
9/2/19 16:21,,0.2
9/2/19 16:22,,0.2
9/2/19 16:24,,0.2
9/2/19 16:26,,0.2
9/2/19 16:27,,0.2
9/2/19 16:29,,0.2
9/2/19 16:30,,0.2
9/2/19 16:30,82.864,0
9/2/19 16:31,,0.2
9/2/19 16:32,,0.2
9/2/19 16:32,,0.2
9/2/19 16:33,,0.2
9/2/19 16:33,,0.2
9/2/19 16:34,,0.2
9/2/19 16:34,,0.2
9/2/19 16:34,,0.2
9/2/19 16:34,,0.2
9/2/19 16:35,,0.2
9/2/19 16:35,,0.2
9/2/19 16:35,,0.2
9/2/19 16:36,,0.2
9/2/19 16:36,,0.2
9/2/19 16:37,,0.2
9/2/19 16:37,,0.2
9/2/19 16:37,,0.2
9/2/19 16:38,,0.2
9/2/19 16:38,,0.2
9/2/19 16:39,,0.2
9/2/19 16:39,,0.2
9/2/19 16:39,,0.2
9/2/19 16:40,,0.2
9/2/19 16:42,,0.2
9/2/19 16:42,,0.2
9/2/19 16:44,,0.2
9/2/19 16:45,,0.2
9/2/19 16:45,73.407,0
9/2/19 16:46,,0.2
9/2/19 16:47,,0.2
9/2/19 16:47,,0.2
9/2/19 16:48,,0.2
9/2/19 16:48,,0.2
9/2/19 16:49,,0.2
9/2/19 16:50,,0.2
9/2/19 16:52,,0.2
9/2/19 16:55,,0.2
9/2/19 17:00,70.995,0
9/2/19 17:05,,0.2
9/2/19 17:15,70.651,0
9/2/19 17:30,69.964,0
9/2/19 17:45,69.793,0
9/2/19 18:00,69.449,0
9/2/19 18:15,68.934,0
9/2/19 18:30,68.421,0
9/2/19 18:45,68.077,0
9/2/19 19:00,67.735,0
9/2/19 19:15,67.392,0
9/2/19 19:30,67.05,0
9/2/19 19:45,67.05,0
9/2/19 20:00,66.879,0
9/2/19 20:15,66.879,0
9/2/19 20:30,67.05,0
9/2/19 20:45,67.05,0
9/2/19 21:00,66.879,0
9/2/19 21:15,66.366,0
9/2/19 21:30,66.022,0
9/2/19 21:45,65.851,0
9/2/19 22:00,65.851,0
9/2/19 22:15,65.338,0
9/2/19 22:30,65.167,0
9/2/19 22:45,65.167,0
9/2/19 23:00,65.167,0
9/2/19 23:15,65.167,0
9/2/19 23:30,65.167,0
9/2/19 23:45,65.167,0
9/3/19 0:00,64.825,0
9/3/19 0:15,64.31,0
9/3/19 0:30,63.968,0
9/3/19 0:45,63.797,0
9/3/19 1:00,63.797,0
9/3/19 1:15,63.968,0
9/3/19 1:30,64.139,0
9/3/19 1:45,64.31,0
9/3/19 2:00,64.481,0
9/3/19 2:15,64.652,0
9/3/19 2:30,64.652,0
9/3/19 2:45,64.481,0
9/3/19 3:00,64.31,0
9/3/19 3:15,64.139,0
9/3/19 3:30,64.31,0
9/3/19 3:45,64.139,0
9/3/19 4:00,63.968,0
9/3/19 4:15,63.968,0
9/3/19 4:30,63.968,0
9/3/19 4:45,63.968,0
9/3/19 5:00,64.139,0
9/3/19 5:15,64.31,0
9/3/19 5:30,64.31,0
9/3/19 5:45,64.481,0
9/3/19 6:00,64.825,0
9/3/19 6:15,65.338,0
9/3/19 6:30,65.68,0
9/3/19 6:45,66.022,0
9/3/19 7:00,66.366,0
9/3/19 7:15,67.392,0
9/3/19 7:30,68.763,0
9/3/19 7:45,70.651,0
9/3/19 8:00,71.339,0
9/3/19 8:15,71.856,0
9/3/19 8:30,72.199,0
9/3/19 8:45,73.234,0
9/3/19 9:00,74.446,0
9/3/19 9:15,74.446,0
9/3/19 9:30,74.271,0
9/3/19 9:45,75.484,0
9/3/19 10:00,76.528,0
9/3/19 10:15,77.4,0
9/3/19 10:30,78.975,0
9/3/19 10:45,80.559,0
9/3/19 11:00,83.043,0
9/3/19 11:15,86.823,0
9/3/19 11:30,86.641,0
9/3/19 11:45,83.043,0
9/3/19 12:00,83.221,0
9/3/19 12:15,83.579,0
9/3/19 12:30,81.442,0
9/3/19 12:45,76.181,0
9/3/19 12:46,,0.2
9/3/19 12:47,,0.2
9/3/19 12:49,,0.2
9/3/19 12:49,,0.2
9/3/19 12:51,,0.2
9/3/19 12:53,,0.2
9/3/19 12:55,,0.2
9/3/19 12:59,,0.2
9/3/19 13:00,71.339,0
9/3/19 13:09,,0.2
9/3/19 13:15,70.651,0
9/3/19 13:30,72.199,0
9/3/19 13:45,75.484,0
9/3/19 14:00,79.326,0
9/3/19 14:15,79.502,0
9/3/19 14:30,86.097,0
9/3/19 14:45,89.2,0
9/3/19 15:00,83.935,0
9/3/19 15:15,79.502,0
9/3/19 15:30,77.225,0
9/3/19 15:45,75.484,0
9/3/19 16:00,76.181,0
9/3/19 16:15,74.791,0
9/3/19 16:30,73.926,0
9/3/19 16:45,75.139,0
9/3/19 17:00,79.326,0
9/3/19 17:15,76.181,0
9/3/19 17:30,73.062,0
9/3/19 17:45,71.168,0
9/3/19 18:00,69.964,0
9/3/19 18:15,69.449,0
9/3/19 18:30,68.763,0
9/3/19 18:45,68.077,0
9/3/19 19:00,67.906,0
9/3/19 19:15,67.564,0
9/3/19 19:30,67.05,0
9/3/19 19:45,66.708,0
9/3/19 20:00,66.537,0
9/3/19 20:15,66.366,0
9/3/19 20:30,66.537,0
9/3/19 20:45,66.879,0
9/3/19 21:00,67.05,0
9/3/19 21:15,66.708,0
9/3/19 21:30,66.366,0
9/3/19 21:45,66.537,0
9/3/19 22:00,66.708,0
9/3/19 22:15,67.05,0
9/3/19 22:30,67.392,0
9/3/19 22:45,67.392,0
9/3/19 23:00,67.392,0
9/3/19 23:15,67.221,0
9/3/19 23:30,67.05,0
9/3/19 23:45,66.193,0
9/3/19 23:48,,0.2
9/4/19 0:00,65.167,0
9/4/19 0:13,,0.2
9/4/19 0:15,64.652,0
9/4/19 0:30,,0.2
9/4/19 0:30,64.481,0
9/4/19 0:42,,0.2
9/4/19 0:45,64.31,0
9/4/19 0:49,,0.2
9/4/19 0:58,,0.2
9/4/19 1:00,64.139,0
9/4/19 1:05,,0.2
9/4/19 1:15,,0.2
9/4/19 1:15,64.139,0
9/4/19 1:27,,0.2
9/4/19 1:30,64.139,0
9/4/19 1:36,,0.2
9/4/19 1:41,,0.2
9/4/19 1:45,63.968,0
9/4/19 1:46,,0.2
9/4/19 1:51,,0.2
9/4/19 1:56,,0.2
9/4/19 2:00,,0.2
9/4/19 2:00,63.968,0
9/4/19 2:02,,0.2
9/4/19 2:05,,0.2
9/4/19 2:07,,0.2
9/4/19 2:09,,0.2
9/4/19 2:11,,0.2
9/4/19 2:13,,0.2
9/4/19 2:15,63.797,0
9/4/19 2:15,,0.2
9/4/19 2:18,,0.2
9/4/19 2:21,,0.2
9/4/19 2:24,,0.2
9/4/19 2:29,,0.2
9/4/19 2:30,63.797,0
9/4/19 2:34,,0.2
9/4/19 2:38,,0.2
9/4/19 2:44,,0.2
9/4/19 2:45,63.797,0
9/4/19 2:48,,0.2
9/4/19 2:51,,0.2
9/4/19 2:54,,0.2
9/4/19 2:57,,0.2
9/4/19 2:59,,0.2
9/4/19 3:00,63.797,0
9/4/19 3:02,,0.2
9/4/19 3:05,,0.2
9/4/19 3:10,,0.2
9/4/19 3:14,,0.2
9/4/19 3:15,63.797,0
9/4/19 3:19,,0.2
9/4/19 3:24,,0.2
9/4/19 3:29,,0.2
9/4/19 3:30,63.797,0
9/4/19 3:32,,0.2
9/4/19 3:37,,0.2
9/4/19 3:43,,0.2
9/4/19 3:45,63.797,0
9/4/19 3:48,,0.2
9/4/19 3:54,,0.2
9/4/19 4:00,,0.2
9/4/19 4:00,63.626,0
9/4/19 4:10,,0.2
9/4/19 4:15,63.626,0
9/4/19 4:23,,0.2
9/4/19 4:30,63.626,0
9/4/19 4:40,,0.2
9/4/19 4:45,63.797,0
9/4/19 4:52,,0.2
9/4/19 4:58,,0.2
9/4/19 5:00,63.797,0
9/4/19 5:15,63.797,0
9/4/19 5:18,,0.2
9/4/19 5:30,63.797,0
9/4/19 5:45,63.968,0
9/4/19 6:00,63.968,0
9/4/19 6:15,,0.2
9/4/19 6:15,64.139,0
9/4/19 6:30,64.31,0
9/4/19 6:45,64.652,0
9/4/19 7:00,65.167,0
9/4/19 7:15,65.851,0
9/4/19 7:30,66.879,0
9/4/19 7:45,67.735,0
9/4/19 8:00,68.248,0
9/4/19 8:15,69.278,0
9/4/19 8:30,71.856,0
9/4/19 8:45,74.446,0
9/4/19 9:00,75.659,0
9/4/19 9:15,75.832,0
9/4/19 9:30,75.832,0
9/4/19 9:45,77.4,0
9/4/19 10:00,79.678,0
9/4/19 10:15,81.442,0
9/4/19 10:30,83.221,0
9/4/19 10:45,83.935,0
9/4/19 11:00,81.975,0
9/4/19 11:15,80.735,0
9/4/19 11:30,79.151,0
9/4/19 11:45,77.923,0
9/4/19 12:00,75.832,0
9/4/19 12:02,,0.2
9/4/19 12:15,72.891,0
9/4/19 12:30,72.372,0
9/4/19 12:38,,0.2
9/4/19 12:44,,0.2
9/4/19 12:45,71.683,0
9/4/19 13:00,70.48,0
9/4/19 13:15,71.168,0
9/4/19 13:30,71.856,0
9/4/19 13:45,73.58,0
9/4/19 14:00,75.832,0
9/4/19 14:15,76.528,0
9/4/19 14:30,76.876,0
9/4/19 14:45,76.703,0
9/4/19 15:00,75.484,0
9/4/19 15:15,77.574,0
9/4/19 15:30,80.559,0
9/4/19 15:45,81.621,0
9/4/19 16:00,78.8,0
9/4/19 16:14,,0.2
9/4/19 16:14,,0.2
9/4/19 16:15,74.964,0
9/4/19 16:18,,0.2
9/4/19 16:19,,0.2
9/4/19 16:19,,0.2
9/4/19 16:19,,0.2
9/4/19 16:19,,0.2
9/4/19 16:19,,0.2
9/4/19 16:20,,0.2
9/4/19 16:20,,0.2
9/4/19 16:21,,0.2
9/4/19 16:21,,0.2
9/4/19 16:23,,0.2
9/4/19 16:25,,0.2
9/4/19 16:25,,0.2
9/4/19 16:28,,0.2
9/4/19 16:30,71.339,0
9/4/19 16:32,,0.2
9/4/19 16:34,,0.2
9/4/19 16:37,,0.2
9/4/19 16:38,,0.2
9/4/19 16:38,,0.2
9/4/19 16:39,,0.2
9/4/19 16:39,,0.2
9/4/19 16:39,,0.2
9/4/19 16:40,,0.2
9/4/19 16:40,,0.2
9/4/19 16:40,,0.2
9/4/19 16:41,,0.2
9/4/19 16:41,,0.2
9/4/19 16:41,,0.2
9/4/19 16:42,,0.2
9/4/19 16:42,,0.2
9/4/19 16:42,,0.2
9/4/19 16:42,,0.2
9/4/19 16:43,,0.2
9/4/19 16:43,,0.2
9/4/19 16:43,,0.2
9/4/19 16:44,,0.2
9/4/19 16:45,,0.2
9/4/19 16:45,,0.2
9/4/19 16:45,,0.2
9/4/19 16:45,69.278,0
9/4/19 16:45,,0.2
9/4/19 16:46,,0.2
9/4/19 16:47,,0.2
9/4/19 16:49,,0.2
9/4/19 16:49,,0.2
9/4/19 16:49,,0.2
9/4/19 16:50,,0.2
9/4/19 16:51,,0.2
9/4/19 16:51,,0.2
9/4/19 16:51,,0.2
9/4/19 16:52,,0.2
9/4/19 16:53,,0.2
9/4/19 16:54,,0.2
9/4/19 16:55,,0.2
9/4/19 16:55,,0.2
9/4/19 16:56,,0.2
9/4/19 16:57,,0.2
9/4/19 16:58,,0.2
9/4/19 16:59,,0.2
9/4/19 16:59,,0.2
9/4/19 17:00,,0.2
9/4/19 17:00,68.077,0
9/4/19 17:01,,0.2
9/4/19 17:01,,0.2
9/4/19 17:01,,0.2
9/4/19 17:02,,0.2
9/4/19 17:02,,0.2
9/4/19 17:02,,0.2
9/4/19 17:03,,0.2
9/4/19 17:03,,0.2
9/4/19 17:03,,0.2
9/4/19 17:03,,0.2
9/4/19 17:04,,0.2
9/4/19 17:05,,0.2
9/4/19 17:05,,0.2
9/4/19 17:05,,0.2
9/4/19 17:05,,0.2
9/4/19 17:05,,0.2
9/4/19 17:06,,0.2
9/4/19 17:06,,0.2
9/4/19 17:06,,0.2
9/4/19 17:07,,0.2
9/4/19 17:07,,0.2
9/4/19 17:07,,0.2
9/4/19 17:08,,0.2
9/4/19 17:09,,0.2
9/4/19 17:09,,0.2
9/4/19 17:10,,0.2
9/4/19 17:10,,0.2
9/4/19 17:11,,0.2
9/4/19 17:12,,0.2
9/4/19 17:15,67.392,0
9/4/19 17:17,,0.2
9/4/19 17:30,67.564,0
9/4/19 17:45,68.077,0
9/4/19 18:00,67.735,0
9/4/19 18:15,67.05,0
9/4/19 18:30,66.193,0
9/4/19 18:45,65.68,0
9/4/19 19:00,65.851,0
9/4/19 19:15,65.851,0
9/4/19 19:30,65.851,0
9/4/19 19:45,65.68,0
9/4/19 20:00,65.338,0
9/4/19 20:15,64.825,0
9/4/19 20:30,64.481,0
9/4/19 20:45,64.139,0
9/4/19 21:00,64.139,0
9/4/19 21:15,64.139,0
9/4/19 21:30,64.31,0
9/4/19 21:45,64.139,0
9/4/19 22:00,64.139,0
9/4/19 22:15,64.481,0
9/4/19 22:30,64.825,0
9/4/19 22:45,64.996,0
9/4/19 23:00,65.338,0
9/4/19 23:15,65.509,0
9/4/19 23:30,65.68,0
9/4/19 23:31,,0.2
9/4/19 23:31,,0.2
9/4/19 23:32,,0.2
9/4/19 23:32,,0.2
9/4/19 23:32,,0.2
9/4/19 23:33,,0.2
9/4/19 23:33,,0.2
9/4/19 23:33,,0.2
9/4/19 23:33,,0.2
9/4/19 23:34,,0.2
9/4/19 23:35,,0.2
9/4/19 23:36,,0.2
9/4/19 23:38,,0.2
9/4/19 23:45,,0.2
9/4/19 23:45,65.68,0
9/5/19 0:00,65.68,0
9/5/19 0:15,65.338,0
9/5/19 0:18,,0.2
9/5/19 0:30,65.167,0
9/5/19 0:45,64.996,0
9/5/19 1:00,64.996,0
9/5/19 1:15,65.167,0
9/5/19 1:30,65.167,0
9/5/19 1:45,65.167,0
9/5/19 2:00,65.167,0
9/5/19 2:15,65.167,0
9/5/19 2:30,64.825,0
9/5/19 2:45,64.652,0
9/5/19 3:00,64.481,0
9/5/19 3:09,,0.2
9/5/19 3:15,64.31,0
9/5/19 3:28,,0.2
9/5/19 3:30,64.31,0
9/5/19 3:37,,0.2
9/5/19 3:45,64.139,0
9/5/19 3:50,,0.2
9/5/19 4:00,64.139,0
9/5/19 4:15,64.31,0
9/5/19 4:30,64.31,0
9/5/19 4:45,64.139,0
9/5/19 5:00,64.31,0
9/5/19 5:02,,0.2
9/5/19 5:15,64.481,0
9/5/19 5:30,64.481,0
9/5/19 5:45,64.652,0
9/5/19 6:00,64.825,0
9/5/19 6:15,64.996,0
9/5/19 6:30,65.167,0
9/5/19 6:45,65.509,0
9/5/19 7:00,65.851,0
9/5/19 7:15,66.537,0
9/5/19 7:30,66.879,0
9/5/19 7:45,67.392,0
9/5/19 8:00,68.592,0
9/5/19 8:15,69.278,0
9/5/19 8:30,69.964,0
9/5/19 8:45,70.824,0
9/5/19 9:00,71.168,0
9/5/19 9:15,72.028,0
9/5/19 9:30,73.58,0
9/5/19 9:45,75.659,0
9/5/19 10:00,77.05,0
9/5/19 10:15,77.574,0
9/5/19 10:30,79.502,0
9/5/19 10:45,83.043,0
9/5/19 11:00,83.399,0
9/5/19 11:15,81.442,0
9/5/19 11:30,80.559,0
9/5/19 11:45,83.221,0
9/5/19 12:00,84.115,0
9/5/19 12:15,83.043,0
9/5/19 12:30,84.295,0
9/5/19 12:45,86.097,0
9/5/19 13:00,85.374,0
9/5/19 13:15,89.2,0
9/5/19 13:30,87.915,0
9/5/19 13:45,85.194,0
9/5/19 14:00,80.382,0
9/5/19 14:15,77.749,0
9/5/19 14:30,76.006,0
9/5/19 14:45,74.271,0
9/5/19 15:00,76.876,0
9/5/19 15:15,78.8,0
9/5/19 15:30,76.876,0
9/5/19 15:45,74.791,0
9/5/19 16:00,72.891,0
9/5/19 16:15,71.339,0
9/5/19 16:18,,0.2
9/5/19 16:30,70.824,0
9/5/19 16:32,,0.2
9/5/19 16:45,70.824,0
9/5/19 17:00,71.168,0
9/5/19 17:15,72.372,0
9/5/19 17:30,72.199,0
9/5/19 17:45,71.339,0
9/5/19 18:00,70.48,0
9/5/19 18:15,69.793,0
9/5/19 18:30,68.934,0
9/5/19 18:45,68.421,0
9/5/19 19:00,68.592,0
9/5/19 19:15,68.421,0
9/5/19 19:30,67.906,0
9/5/19 19:45,67.564,0
9/5/19 20:00,67.735,0
9/5/19 20:15,67.564,0
9/5/19 20:30,67.564,0
9/5/19 20:45,67.564,0
9/5/19 21:00,67.564,0
9/5/19 21:15,67.392,0
9/5/19 21:30,67.392,0
9/5/19 21:45,67.392,0
9/5/19 22:00,67.05,0
9/5/19 22:15,66.879,0
9/5/19 22:30,66.537,0
9/5/19 22:45,66.537,0
9/5/19 23:00,66.537,0
9/5/19 23:15,66.537,0
9/5/19 23:30,66.537,0
9/5/19 23:45,66.879,0
9/6/19 0:00,67.05,0
9/6/19 0:15,66.879,0
9/6/19 0:30,66.879,0
9/6/19 0:45,66.537,0
9/6/19 1:00,66.879,0
9/6/19 1:15,67.05,0
9/6/19 1:30,66.708,0
9/6/19 1:45,66.022,0
9/6/19 2:00,65.509,0
9/6/19 2:15,65.167,0
9/6/19 2:30,65.167,0
9/6/19 2:45,65.338,0
9/6/19 3:00,65.338,0
9/6/19 3:15,65.338,0
9/6/19 3:30,65.509,0
9/6/19 3:45,65.509,0
9/6/19 3:45,,0.2
9/6/19 3:52,,0.2
9/6/19 3:53,,0.2
9/6/19 3:53,,0.2
9/6/19 3:54,,0.2
9/6/19 3:54,,0.2
9/6/19 3:55,,0.2
9/6/19 3:56,,0.2
9/6/19 3:58,,0.2
9/6/19 4:00,,0.2
9/6/19 4:00,65.338,0
9/6/19 4:03,,0.2
9/6/19 4:03,,0.2
9/6/19 4:09,,0.2
9/6/19 4:13,,0.2
9/6/19 4:15,65.338,0
9/6/19 4:17,,0.2
9/6/19 4:18,,0.2
9/6/19 4:19,,0.2
9/6/19 4:20,,0.2
9/6/19 4:21,,0.2
9/6/19 4:22,,0.2
9/6/19 4:23,,0.2
9/6/19 4:24,,0.2
9/6/19 4:25,,0.2
9/6/19 4:26,,0.2
9/6/19 4:27,,0.2
9/6/19 4:29,,0.2
9/6/19 4:30,,0.2
9/6/19 4:30,65.338,0
9/6/19 4:31,,0.2
9/6/19 4:31,,0.2
9/6/19 4:32,,0.2
9/6/19 4:33,,0.2
9/6/19 4:35,,0.2
9/6/19 4:36,,0.2
9/6/19 4:38,,0.2
9/6/19 4:41,,0.2
9/6/19 4:42,,0.2
9/6/19 4:44,,0.2
9/6/19 4:45,65.167,0
9/6/19 4:46,,0.2
9/6/19 4:48,,0.2
9/6/19 4:51,,0.2
9/6/19 4:54,,0.2
9/6/19 5:00,64.996,0
9/6/19 5:01,,0.2
9/6/19 5:12,,0.2
9/6/19 5:15,64.825,0
9/6/19 5:30,64.825,0
9/6/19 5:45,64.652,0
9/6/19 5:54,,0.2
9/6/19 5:55,,0.2
9/6/19 5:56,,0.2
9/6/19 5:58,,0.2
9/6/19 6:00,,0.2
9/6/19 6:00,64.825,0
9/6/19 6:01,,0.2
9/6/19 6:03,,0.2
9/6/19 6:05,,0.2
9/6/19 6:07,,0.2
9/6/19 6:08,,0.2
9/6/19 6:09,,0.2
9/6/19 6:10,,0.2
9/6/19 6:11,,0.2
9/6/19 6:15,,0.2
9/6/19 6:15,64.996,0
9/6/19 6:19,,0.2
9/6/19 6:21,,0.2
9/6/19 6:24,,0.2
9/6/19 6:26,,0.2
9/6/19 6:28,,0.2
9/6/19 6:30,,0.2
9/6/19 6:30,64.996,0
9/6/19 6:32,,0.2
9/6/19 6:35,,0.2
9/6/19 6:41,,0.2
9/6/19 6:45,64.996,0
9/6/19 6:49,,0.2
9/6/19 6:51,,0.2
9/6/19 6:52,,0.2
9/6/19 6:54,,0.2
9/6/19 6:57,,0.2
9/6/19 6:59,,0.2
9/6/19 7:00,65.167,0
9/6/19 7:01,,0.2
9/6/19 7:04,,0.2
9/6/19 7:09,,0.2
9/6/19 7:13,,0.2
9/6/19 7:15,65.509,0
9/6/19 7:16,,0.2
9/6/19 7:19,,0.2
9/6/19 7:19,,0.2
9/6/19 7:22,,0.2
9/6/19 7:25,,0.2
9/6/19 7:28,,0.2
9/6/19 7:30,66.193,0
9/6/19 7:33,,0.2
9/6/19 7:44,,0.2
9/6/19 7:45,66.708,0
9/6/19 8:00,67.221,0
9/6/19 8:15,67.392,0
9/6/19 8:30,67.564,0
9/6/19 8:45,67.564,0
9/6/19 9:00,67.906,0
9/6/19 9:15,68.592,0
9/6/19 9:30,69.793,0
9/6/19 9:45,70.995,0
9/6/19 10:00,71.683,0
9/6/19 10:15,73.926,0
9/6/19 10:30,76.354,0
9/6/19 10:45,75.832,0
9/6/19 11:00,77.749,0
9/6/19 11:15,80.206,0
9/6/19 11:30,82.508,0
9/6/19 11:45,86.641,0
9/6/19 12:00,84.654,0
9/6/19 12:15,81.621,0
9/6/19 12:30,81.797,0
9/6/19 12:45,85.194,0
9/6/19 13:00,86.641,0
9/6/19 13:15,83.221,0
9/6/19 13:30,81.975,0
9/6/19 13:45,79.502,0
9/6/19 14:00,78.274,0
9/6/19 14:15,78.975,0
9/6/19 14:30,77.574,0
9/6/19 14:45,80.911,0
9/6/19 15:00,84.654,0
9/6/19 15:15,81.621,0
9/6/19 15:30,79.151,0
9/6/19 15:45,75.659,0
9/6/19 16:00,74.098,0
9/6/19 16:15,73.926,0
9/6/19 16:30,73.926,0
9/6/19 16:45,74.271,0
9/6/19 17:00,73.926,0
9/6/19 17:15,72.891,0
9/6/19 17:30,71.856,0
9/6/19 17:45,71.168,0
9/6/19 18:00,70.308,0
9/6/19 18:15,69.793,0
9/6/19 18:30,69.278,0
9/6/19 18:41,,0.2
9/6/19 18:45,,0.2
9/6/19 18:45,,0.2
9/6/19 18:45,68.763,0
9/6/19 18:46,,0.2
9/6/19 18:46,,0.2
9/6/19 18:47,,0.2
9/6/19 18:48,,0.2
9/6/19 18:49,,0.2
9/6/19 18:50,,0.2
9/6/19 18:50,,0.2
9/6/19 18:50,,0.2
9/6/19 18:51,,0.2
9/6/19 18:51,,0.2
9/6/19 18:51,,0.2
9/6/19 18:52,,0.2
9/6/19 18:53,,0.2
9/6/19 18:54,,0.2
9/6/19 18:54,,0.2
9/6/19 18:55,,0.2
9/6/19 18:56,,0.2
9/6/19 18:57,,0.2
9/6/19 18:57,,0.2
9/6/19 18:58,,0.2
9/6/19 19:00,67.392,0
9/6/19 19:00,,0.2
9/6/19 19:02,,0.2
9/6/19 19:05,,0.2
9/6/19 19:07,,0.2
9/6/19 19:15,66.708,0
9/6/19 19:24,,0.2
9/6/19 19:30,66.366,0
9/6/19 19:45,66.022,0
9/6/19 20:00,65.851,0
9/6/19 20:11,,0.2
9/6/19 20:13,,0.2
9/6/19 20:15,,0.2
9/6/19 20:15,65.851,0
9/6/19 20:17,,0.2
9/6/19 20:18,,0.2
9/6/19 20:21,,0.2
9/6/19 20:25,,0.2
9/6/19 20:29,,0.2
9/6/19 20:30,65.68,0
9/6/19 20:36,,0.2
9/6/19 20:43,,0.2
9/6/19 20:45,65.509,0
9/6/19 20:47,,0.2
9/6/19 20:53,,0.2
9/6/19 20:56,,0.2
9/6/19 21:00,65.509,0
9/6/19 21:02,,0.2
9/6/19 21:13,,0.2
9/6/19 21:15,65.338,0
9/6/19 21:21,,0.2
9/6/19 21:30,65.338,0
9/6/19 21:33,,0.2
9/6/19 21:39,,0.2
9/6/19 21:45,65.338,0
9/6/19 21:45,,0.2
9/6/19 21:52,,0.2
9/6/19 22:00,65.338,0
9/6/19 22:06,,0.2
9/6/19 22:15,65.338,0
9/6/19 22:30,65.167,0
9/6/19 22:45,65.167,0
9/6/19 23:00,65.167,0
9/6/19 23:15,65.167,0
9/6/19 23:30,65.338,0
9/6/19 23:31,,0.2
9/6/19 23:45,65.338,0
9/6/19 23:55,,0.2
9/7/19 0:00,65.338,0
9/7/19 0:12,,0.2
9/7/19 0:15,65.167,0
9/7/19 0:30,64.996,0
9/7/19 0:36,,0.2
9/7/19 0:45,64.996,0
9/7/19 1:00,64.996,0
9/7/19 1:02,,0.2
9/7/19 1:10,,0.2
9/7/19 1:15,65.167,0
9/7/19 1:30,65.167,0
9/7/19 1:40,,0.2
9/7/19 1:45,64.996,0
9/7/19 2:00,64.825,0
9/7/19 2:12,,0.2
9/7/19 2:15,64.996,0
9/7/19 2:30,65.167,0
9/7/19 2:32,,0.2
9/7/19 2:45,65.167,0
9/7/19 3:00,65.167,0
9/7/19 3:15,65.167,0
9/7/19 3:30,64.996,0
9/7/19 3:45,64.996,0
9/7/19 4:00,64.996,0
9/7/19 4:15,64.825,0
9/7/19 4:30,63.968,0
9/7/19 4:45,63.111,0
9/7/19 5:00,62.254,0
9/7/19 5:15,61.912,0
9/7/19 5:30,62.598,0
9/7/19 5:45,62.598,0
9/7/19 6:00,62.254,0
9/7/19 6:15,61.569,0
9/7/19 6:30,61.741,0
9/7/19 6:45,61.569,0
9/7/19 7:00,61.741,0
9/7/19 7:15,62.598,0
9/7/19 7:30,63.797,0
9/7/19 7:45,65.338,0
9/7/19 8:00,69.107,0
9/7/19 8:15,73.753,0
9/7/19 8:30,74.964,0
9/7/19 8:45,77.05,0
9/7/19 9:00,78.274,0
9/7/19 9:15,77.749,0
9/7/19 9:30,75.484,0
9/7/19 9:45,78.449,0
9/7/19 10:00,81.621,0
9/7/19 10:15,77.749,0
9/7/19 10:30,75.832,0
9/7/19 10:45,76.006,0
9/7/19 11:00,78.098,0
9/7/19 11:15,79.853,0
9/7/19 11:30,81.442,0
9/7/19 11:45,86.277,0
9/7/19 12:00,89.2,0
9/7/19 12:15,90.495,0
9/7/19 12:30,88.466,0
9/7/19 12:45,84.474,0
9/7/19 13:00,85.014,0
9/7/19 13:15,78.975,0
9/7/19 13:30,76.354,0
9/7/19 13:45,77.749,0
9/7/19 14:00,80.735,0
9/7/19 14:15,82.864,0
9/7/19 14:30,81.797,0
9/7/19 14:44,,0.2
9/7/19 14:45,78.975,0
9/7/19 15:00,75.484,0
9/7/19 15:15,73.234,0
9/7/19 15:30,71.856,0
9/7/19 15:45,71.339,0
9/7/19 15:52,,0.2
9/7/19 15:54,,0.2
9/7/19 15:54,,0.2
9/7/19 15:55,,0.2
9/7/19 15:56,,0.2
9/7/19 15:57,,0.2
9/7/19 15:57,,0.2
9/7/19 15:58,,0.2
9/7/19 15:58,,0.2
9/7/19 15:58,,0.2
9/7/19 15:58,,0.2
9/7/19 15:59,,0.2
9/7/19 15:59,,0.2
9/7/19 16:00,,0.2
9/7/19 16:00,,0.2
9/7/19 16:00,70.824,0
9/7/19 16:01,,0.2
9/7/19 16:02,,0.2
9/7/19 16:15,70.48,0
9/7/19 16:30,71.168,0
9/7/19 16:45,71.856,0
9/7/19 17:00,71.512,0
9/7/19 17:15,70.48,0
9/7/19 17:22,,0.2
9/7/19 17:22,,0.2
9/7/19 17:25,,0.2
9/7/19 17:25,,0.2
9/7/19 17:26,,0.2
9/7/19 17:26,,0.2
9/7/19 17:27,,0.2
9/7/19 17:28,,0.2
9/7/19 17:28,,0.2
9/7/19 17:29,,0.2
9/7/19 17:29,,0.2
9/7/19 17:29,,0.2
9/7/19 17:30,,0.2
9/7/19 17:30,69.793,0
9/7/19 17:31,,0.2
9/7/19 17:31,,0.2
9/7/19 17:33,,0.2
9/7/19 17:35,,0.2
9/7/19 17:45,68.592,0
9/7/19 18:00,68.248,0
9/7/19 18:15,68.077,0
9/7/19 18:30,67.906,0
9/7/19 18:45,67.735,0
9/7/19 19:00,67.392,0
9/7/19 19:15,67.221,0
9/7/19 19:30,67.392,0
9/7/19 19:45,67.392,0
9/7/19 20:00,67.392,0
9/7/19 20:15,67.221,0
9/7/19 20:30,67.05,0
9/7/19 20:45,66.708,0
9/7/19 21:00,66.537,0
9/7/19 21:15,66.537,0
9/7/19 21:30,66.537,0
9/7/19 21:45,66.708,0
9/7/19 22:00,66.708,0
9/7/19 22:15,66.366,0
9/7/19 22:30,66.366,0
9/7/19 22:45,66.366,0
9/7/19 23:00,66.366,0
9/7/19 23:15,65.851,0
9/7/19 23:30,65.509,0
9/7/19 23:45,65.68,0
9/8/19 0:00,65.509,0
9/8/19 0:15,65.509,0
9/8/19 0:30,65.509,0
9/8/19 0:45,65.509,0
9/8/19 1:00,65.509,0
9/8/19 1:15,65.338,0
9/8/19 1:30,65.509,0
9/8/19 1:45,65.509,0
9/8/19 2:00,65.338,0
9/8/19 2:15,64.996,0
9/8/19 2:30,64.996,0
9/8/19 2:45,65.167,0
9/8/19 3:00,65.167,0
9/8/19 3:15,64.996,0
9/8/19 3:30,65.167,0
9/8/19 3:45,65.509,0
9/8/19 4:00,65.509,0
9/8/19 4:15,65.167,0
9/8/19 4:30,65.167,0
9/8/19 4:45,65.509,0
9/8/19 5:00,65.509,0
9/8/19 5:15,64.996,0
9/8/19 5:30,63.968,0
9/8/19 5:45,64.139,0
9/8/19 6:00,64.481,0
9/8/19 6:15,64.481,0
9/8/19 6:30,64.652,0
9/8/19 6:45,66.193,0
9/8/19 7:00,67.564,0
9/8/19 7:15,69.278,0
9/8/19 7:30,70.137,0
9/8/19 7:45,70.824,0
9/8/19 8:00,72.028,0
9/8/19 8:15,71.856,0
9/8/19 8:30,71.683,0
9/8/19 8:45,72.372,0
9/8/19 9:00,72.545,0
9/8/19 9:15,72.028,0
9/8/19 9:30,72.372,0
9/8/19 9:45,73.926,0
9/8/19 10:00,74.271,0
9/8/19 10:15,72.891,0
9/8/19 10:30,72.028,0
9/8/19 10:45,,0.2
9/8/19 10:45,71.339,0
9/8/19 10:46,,0.2
9/8/19 10:46,,0.2
9/8/19 10:48,,0.2
9/8/19 10:50,,0.2
9/8/19 10:52,,0.2
9/8/19 10:53,,0.2
9/8/19 10:53,,0.2
9/8/19 10:53,,0.2
9/8/19 10:54,,0.2
9/8/19 10:54,,0.2
9/8/19 10:54,,0.2
9/8/19 10:54,,0.2
9/8/19 10:54,,0.2
9/8/19 10:54,,0.2
9/8/19 10:55,,0.2
9/8/19 10:55,,0.2
9/8/19 10:55,,0.2
9/8/19 10:56,,0.2
9/8/19 10:56,,0.2
9/8/19 10:57,,0.2
9/8/19 10:58,,0.2
9/8/19 11:00,70.137,0
9/8/19 11:15,73.407,0
9/8/19 11:30,74.098,0
9/8/19 11:45,72.545,0
9/8/19 11:51,,0.2
9/8/19 12:00,70.48,0
9/8/19 12:05,,0.2
9/8/19 12:06,,0.2
9/8/19 12:06,,0.2
9/8/19 12:15,71.339,0
9/8/19 12:30,78.8,0
9/8/19 12:45,80.911,0
9/8/19 13:00,86.641,0
9/8/19 13:15,82.686,0
9/8/19 13:30,84.834,0
9/8/19 13:45,86.641,0
9/8/19 14:00,82.508,0
9/8/19 14:15,79.502,0
9/8/19 14:30,80.206,0
9/8/19 14:45,82.33,0
9/8/19 15:00,78.975,0
9/8/19 15:13,,0.2
9/8/19 15:15,75.139,0
9/8/19 15:30,76.354,0
9/8/19 15:45,78.8,0
9/8/19 16:00,76.528,0
9/8/19 16:15,75.139,0
9/8/19 16:30,74.791,0
9/8/19 16:39,,0.2
9/8/19 16:40,,0.2
9/8/19 16:44,,0.2
9/8/19 16:45,73.753,0
9/8/19 17:00,73.062,0
9/8/19 17:14,,0.2
9/8/19 17:14,,0.2
9/8/19 17:15,75.139,0
9/8/19 17:16,,0.2
9/8/19 17:17,,0.2
9/8/19 17:19,,0.2
9/8/19 17:19,,0.2
9/8/19 17:25,,0.2
9/8/19 17:30,71.339,0
9/8/19 17:31,,0.2
9/8/19 17:40,,0.2
9/8/19 17:45,69.278,0
9/8/19 18:00,68.248,0
9/8/19 18:15,68.077,0
9/8/19 18:30,68.077,0
9/8/19 18:37,,0.2
9/8/19 18:38,,0.2
9/8/19 18:39,,0.2
9/8/19 18:39,,0.2
9/8/19 18:40,,0.2
9/8/19 18:41,,0.2
9/8/19 18:41,,0.2
9/8/19 18:42,,0.2
9/8/19 18:45,67.906,0
9/8/19 18:46,,0.2
9/8/19 18:58,,0.2
9/8/19 19:00,67.564,0
9/8/19 19:13,,0.2
9/8/19 19:15,67.392,0
9/8/19 19:30,67.392,0
9/8/19 19:45,67.05,0
9/8/19 20:00,66.537,0
9/8/19 20:15,66.366,0
9/8/19 20:30,66.537,0
9/8/19 20:45,66.879,0
9/8/19 21:00,66.708,0
9/8/19 21:15,66.193,0
9/8/19 21:30,66.193,0
9/8/19 21:45,66.193,0
9/8/19 22:00,66.366,0
9/8/19 22:15,66.193,0
9/8/19 22:30,65.68,0
9/8/19 22:45,64.996,0
9/8/19 23:00,64.31,0
9/8/19 23:12,,0.2
9/8/19 23:15,63.626,0
9/8/19 23:30,63.282,0
9/8/19 23:45,62.94,0
9/9/19 0:00,62.598,0
9/9/19 0:15,62.254,0
9/9/19 0:30,62.254,0
9/9/19 0:45,62.425,0
9/9/19 1:00,62.94,0
9/9/19 1:15,63.282,0
9/9/19 1:30,62.94,0
9/9/19 1:45,62.598,0
9/9/19 2:00,62.598,0
9/9/19 2:15,63.111,0
9/9/19 2:30,63.455,0
9/9/19 2:45,63.626,0
9/9/19 3:00,63.797,0
9/9/19 3:15,63.797,0
9/9/19 3:30,63.626,0
9/9/19 3:45,63.455,0
9/9/19 4:00,63.455,0
9/9/19 4:15,63.455,0
9/9/19 4:30,63.626,0
9/9/19 4:45,63.797,0
9/9/19 5:00,63.968,0
9/9/19 5:15,63.968,0
9/9/19 5:30,63.797,0
9/9/19 5:45,63.968,0
9/9/19 6:00,63.455,0
9/9/19 6:15,63.111,0
9/9/19 6:30,63.111,0
9/9/19 6:45,63.797,0
9/9/19 7:00,65.167,0
9/9/19 7:15,66.879,0
9/9/19 7:30,68.421,0
9/9/19 7:45,69.622,0
9/9/19 8:00,70.137,0
9/9/19 8:15,70.137,0
9/9/19 8:30,70.995,0
9/9/19 8:45,71.683,0
9/9/19 9:00,71.339,0
9/9/19 9:15,70.995,0
9/9/19 9:30,70.48,0
9/9/19 9:45,70.308,0
9/9/19 10:00,69.793,0
9/9/19 10:15,69.793,0
9/9/19 10:30,71.683,0
9/9/19 10:45,74.964,0
9/9/19 11:00,77.749,0
9/9/19 11:15,77.4,0
9/9/19 11:30,75.139,0
9/9/19 11:45,75.139,0
9/9/19 12:00,77.749,0
9/9/19 12:15,82.33,0
9/9/19 12:30,84.295,0
9/9/19 12:45,81.621,0
9/9/19 13:00,79.678,0
9/9/19 13:15,79.326,0
9/9/19 13:30,77.4,0
9/9/19 13:32,,0.2
9/9/19 13:40,,0.2
9/9/19 13:45,74.446,0
9/9/19 14:00,73.407,0
9/9/19 14:15,73.753,0
9/9/19 14:30,76.528,0
9/9/19 14:45,80.911,0
9/9/19 15:00,91.053,0
9/9/19 15:15,91.24,0
9/9/19 15:30,90.495,0
9/9/19 15:45,93.682,0
9/9/19 16:00,92.363,0
9/9/19 16:15,85.554,0
9/9/19 16:30,81.442,0
9/9/19 16:45,79.502,0
9/9/19 17:00,84.115,0
9/9/19 17:15,88.282,0
9/9/19 17:30,83.399,0
9/9/19 17:45,82.864,0
9/9/19 18:00,77.749,0
9/9/19 18:15,73.58,0
9/9/19 18:30,70.995,0
9/9/19 18:45,69.107,0
9/9/19 19:00,68.077,0
9/9/19 19:15,67.221,0
9/9/19 19:30,66.193,0
9/9/19 19:45,65.851,0
9/9/19 20:00,65.851,0
9/9/19 20:15,66.366,0
9/9/19 20:30,66.537,0
9/9/19 20:45,66.366,0
9/9/19 21:00,66.366,0
9/9/19 21:15,66.366,0
9/9/19 21:30,66.708,0
9/9/19 21:45,66.879,0
9/9/19 21:54,,0.2
9/9/19 21:58,,0.2
9/9/19 22:00,66.708,0
9/9/19 22:01,,0.2
9/9/19 22:04,,0.2
9/9/19 22:07,,0.2
9/9/19 22:11,,0.2
9/9/19 22:15,66.537,0
9/9/19 22:28,,0.2
9/9/19 22:30,66.366,0
9/9/19 22:45,66.022,0
9/9/19 23:00,66.022,0
9/9/19 23:15,66.022,0
9/9/19 23:30,66.022,0
9/9/19 23:42,,0.2
9/9/19 23:45,66.022,0
9/10/19 0:00,66.022,0
9/10/19 0:15,65.851,0
9/10/19 0:30,65.68,0
9/10/19 0:45,65.509,0
9/10/19 1:00,65.338,0
9/10/19 1:15,65.167,0
9/10/19 1:30,64.996,0
9/10/19 1:45,64.652,0
9/10/19 2:00,64.825,0
9/10/19 2:15,64.996,0
9/10/19 2:30,65.167,0
9/10/19 2:45,65.338,0
9/10/19 3:00,65.509,0
9/10/19 3:15,65.68,0
9/10/19 3:30,65.68,0
9/10/19 3:45,65.68,0
9/10/19 4:00,65.509,0
9/10/19 4:15,65.509,0
9/10/19 4:30,65.68,0
9/10/19 4:45,65.68,0
9/10/19 5:00,65.68,0
9/10/19 5:15,65.68,0
9/10/19 5:30,65.68,0
9/10/19 5:45,65.851,0
9/10/19 6:00,65.851,0
9/10/19 6:15,65.68,0
9/10/19 6:30,66.022,0
9/10/19 6:45,66.537,0
9/10/19 7:00,67.05,0
9/10/19 7:15,69.622,0
9/10/19 7:30,71.683,0
9/10/19 7:45,71.683,0
9/10/19 8:00,71.512,0
9/10/19 8:15,72.545,0
9/10/19 8:30,71.856,0
9/10/19 8:45,70.651,0
9/10/19 9:00,70.137,0
9/10/19 9:15,70.308,0
9/10/19 9:30,70.137,0
9/10/19 9:45,71.512,0
9/10/19 10:00,74.098,0
9/10/19 10:15,77.225,0
9/10/19 10:30,76.354,0
9/10/19 10:45,76.876,0
9/10/19 11:00,77.05,0
9/10/19 11:15,77.05,0
9/10/19 11:30,77.749,0
9/10/19 11:45,80.206,0
9/10/19 12:00,81.442,0
9/10/19 12:15,81.442,0
9/10/19 12:30,80.735,0
9/10/19 12:45,78.624,0
9/10/19 13:00,79.151,0
9/10/19 13:15,79.151,0
9/10/19 13:30,77.749,0
9/10/19 13:45,76.876,0
9/10/19 14:00,76.006,0
9/10/19 14:15,72.718,0
9/10/19 14:30,70.308,0
9/10/19 14:45,69.449,0
9/10/19 15:00,70.137,0
9/10/19 15:15,71.856,0
9/10/19 15:30,73.58,0
9/10/19 15:45,75.659,0
9/10/19 16:00,78.449,0
9/10/19 16:15,77.923,0
9/10/19 16:30,77.4,0
9/10/19 16:45,75.139,0
9/10/19 17:00,73.234,0
9/10/19 17:15,72.199,0
9/10/19 17:30,71.339,0
9/10/19 17:45,70.651,0
9/10/19 18:00,70.137,0
9/10/19 18:15,69.449,0
9/10/19 18:30,68.592,0
9/10/19 18:45,68.077,0
9/10/19 18:53,,0.2
9/10/19 19:00,67.735,0
9/10/19 19:15,67.564,0
9/10/19 19:30,67.392,0
9/10/19 19:45,67.392,0
9/10/19 20:00,67.392,0
9/10/19 20:15,67.392,0
9/10/19 20:30,67.221,0
9/10/19 20:45,67.221,0
9/10/19 21:00,67.05,0
9/10/19 21:15,67.05,0
9/10/19 21:30,67.05,0
9/10/19 21:45,66.879,0
9/10/19 22:00,66.537,0
9/10/19 22:15,66.537,0
9/10/19 22:30,66.193,0
9/10/19 22:45,66.022,0
9/10/19 23:00,65.167,0
9/10/19 23:15,64.825,0
9/10/19 23:30,64.31,0
9/10/19 23:45,64.481,0
9/11/19 0:00,64.481,0
9/11/19 0:15,64.825,0
9/11/19 0:30,65.167,0
9/11/19 0:45,65.851,0
9/11/19 1:00,66.366,0
9/11/19 1:15,66.708,0
9/11/19 1:30,66.537,0
9/11/19 1:45,65.851,0
9/11/19 2:00,64.996,0
9/11/19 2:15,64.825,0
9/11/19 2:30,64.996,0
9/11/19 2:45,65.338,0
9/11/19 3:00,65.509,0
9/11/19 3:15,65.509,0
9/11/19 3:30,65.509,0
9/11/19 3:45,65.68,0
9/11/19 4:00,65.68,0
9/11/19 4:15,65.68,0
9/11/19 4:30,65.68,0
9/11/19 4:45,65.509,0
9/11/19 5:00,65.509,0
9/11/19 5:15,65.509,0
9/11/19 5:30,65.509,0
9/11/19 5:45,65.68,0
9/11/19 6:00,65.68,0
9/11/19 6:15,65.509,0
9/11/19 6:30,65.68,0
9/11/19 6:45,66.022,0
9/11/19 7:00,66.366,0
9/11/19 7:15,67.05,0
9/11/19 7:30,67.735,0
9/11/19 7:45,68.934,0
9/11/19 8:00,72.199,0
9/11/19 8:15,75.312,0
9/11/19 8:30,77.05,0
9/11/19 8:45,79.678,0
9/11/19 9:00,80.911,0
9/11/19 9:15,78.8,0
9/11/19 9:30,80.735,0
9/11/19 9:45,80.735,0
9/11/19 10:00,78.8,0
9/11/19 10:15,78.098,0
9/11/19 10:30,79.326,0
9/11/19 10:45,81.621,0
9/11/19 11:00,82.33,0
9/11/19 11:15,80.911,0
9/11/19 11:30,79.678,0
9/11/19 11:45,78.975,0
9/11/19 12:00,79.326,0
9/11/19 12:15,80.206,0
9/11/19 12:30,80.029,0
9/11/19 12:45,78.449,0
9/11/19 13:00,79.678,0
9/11/19 13:15,82.152,0
9/11/19 13:30,86.097,0
9/11/19 13:45,85.014,0
9/11/19 14:00,87.004,0
9/11/19 14:15,83.935,0
9/11/19 14:30,88.282,0
9/11/19 14:45,91.612,0
9/11/19 15:00,87.552,0
9/11/19 15:15,84.834,0
9/11/19 15:30,80.382,0
9/11/19 15:45,77.574,0
9/11/19 16:00,75.312,0
9/11/19 16:15,73.926,0
9/11/19 16:30,72.891,0
9/11/19 16:45,72.028,0
9/11/19 17:00,71.512,0
9/11/19 17:15,71.168,0
9/11/19 17:30,70.651,0
9/11/19 17:45,69.964,0
9/11/19 18:00,69.449,0
9/11/19 18:15,68.763,0
9/11/19 18:30,69.278,0
9/11/19 18:45,69.449,0
9/11/19 19:00,69.107,0
9/11/19 19:08,,0.2
9/11/19 19:15,68.421,0
9/11/19 19:30,67.735,0
9/11/19 19:45,67.221,0
9/11/19 19:51,,0.2
9/11/19 20:00,67.221,0
9/11/19 20:11,,0.2
9/11/19 20:11,,0.2
9/11/19 20:15,67.221,0
9/11/19 20:16,,0.2
9/11/19 20:21,,0.2
9/11/19 20:21,,0.2
9/11/19 20:30,67.05,0
9/11/19 20:45,66.879,0
9/11/19 20:57,,0.2
9/11/19 21:00,67.05,0
9/11/19 21:13,,0.2
9/11/19 21:15,67.05,0
9/11/19 21:18,,0.2
9/11/19 21:30,66.879,0
9/11/19 21:33,,0.2
9/11/19 21:44,,0.2
9/11/19 21:45,66.879,0
9/11/19 22:00,66.708,0
9/11/19 22:10,,0.2
9/11/19 22:15,66.537,0
9/11/19 22:30,66.708,0
9/11/19 22:45,66.708,0
9/11/19 23:00,66.537,0
9/11/19 23:15,66.366,0
9/11/19 23:30,66.193,0
9/11/19 23:45,66.022,0
9/12/19 0:00,66.022,0
9/12/19 0:15,65.68,0
9/12/19 0:30,65.509,0
9/12/19 0:45,65.509,0
9/12/19 1:00,65.509,0
9/12/19 1:15,65.68,0
9/12/19 1:30,65.851,0
9/12/19 1:45,65.851,0
9/12/19 2:00,65.851,0
9/12/19 2:15,65.851,0
9/12/19 2:30,65.851,0
9/12/19 2:45,65.851,0
9/12/19 3:00,66.022,0
9/12/19 3:15,66.022,0
9/12/19 3:30,66.022,0
9/12/19 3:38,,0.2
9/12/19 3:45,66.022,0
9/12/19 4:00,66.022,0
9/12/19 4:15,65.509,0
9/12/19 4:30,65.509,0
9/12/19 4:45,65.68,0
9/12/19 5:00,65.851,0
9/12/19 5:15,65.851,0
9/12/19 5:30,66.022,0
9/12/19 5:45,66.022,0
9/12/19 6:00,65.851,0
9/12/19 6:15,65.851,0
9/12/19 6:30,66.022,0
9/12/19 6:45,66.537,0
9/12/19 7:00,67.221,0
9/12/19 7:15,68.592,0
9/12/19 7:30,69.107,0
9/12/19 7:45,68.763,0
9/12/19 8:00,69.278,0
9/12/19 8:15,70.651,0
9/12/19 8:30,72.545,0
9/12/19 8:45,73.753,0
9/12/19 9:00,74.619,0
9/12/19 9:15,77.225,0
9/12/19 9:30,76.181,0
9/12/19 9:45,78.8,0
9/12/19 10:00,76.528,0
9/12/19 10:15,76.006,0
9/12/19 10:30,76.528,0
9/12/19 10:45,75.659,0
9/12/19 11:00,75.832,0
9/12/19 11:15,78.274,0
9/12/19 11:30,78.098,0
9/12/19 11:45,77.4,0
9/12/19 12:00,74.791,0
9/12/19 12:15,74.271,0
9/12/19 12:30,73.407,0
9/12/19 12:45,70.651,0
9/12/19 12:49,,0.2
9/12/19 12:57,,0.2
9/12/19 12:57,,0.2
9/12/19 12:57,,0.2
9/12/19 12:57,,0.2
9/12/19 12:58,,0.2
9/12/19 12:58,,0.2
9/12/19 12:58,,0.2
9/12/19 12:58,,0.2
9/12/19 12:59,,0.2
9/12/19 12:59,,0.2
9/12/19 13:00,69.278,0
9/12/19 13:01,,0.2
9/12/19 13:02,,0.2
9/12/19 13:02,,0.2
9/12/19 13:03,,0.2
9/12/19 13:03,,0.2
9/12/19 13:04,,0.2
9/12/19 13:04,,0.2
9/12/19 13:05,,0.2
9/12/19 13:05,,0.2
9/12/19 13:05,,0.2
9/12/19 13:05,,0.2
9/12/19 13:06,,0.2
9/12/19 13:06,,0.2
9/12/19 13:06,,0.2
9/12/19 13:07,,0.2
9/12/19 13:07,,0.2
9/12/19 13:07,,0.2
9/12/19 13:07,,0.2
9/12/19 13:07,,0.2
9/12/19 13:07,,0.2
9/12/19 13:08,,0.2
9/12/19 13:08,,0.2
9/12/19 13:08,,0.2
9/12/19 13:08,,0.2
9/12/19 13:08,,0.2
9/12/19 13:08,,0.2
9/12/19 13:08,,0.2
9/12/19 13:09,,0.2
9/12/19 13:09,,0.2
9/12/19 13:09,,0.2
9/12/19 13:09,,0.2
9/12/19 13:09,,0.2
9/12/19 13:10,,0.2
9/12/19 13:10,,0.2
9/12/19 13:10,,0.2
9/12/19 13:10,,0.2
9/12/19 13:10,,0.2
9/12/19 13:10,,0.2
9/12/19 13:11,,0.2
9/12/19 13:11,,0.2
9/12/19 13:11,,0.2
9/12/19 13:11,,0.2
9/12/19 13:11,,0.2
9/12/19 13:11,,0.2
9/12/19 13:11,,0.2
9/12/19 13:12,,0.2
9/12/19 13:12,,0.2
9/12/19 13:12,,0.2
9/12/19 13:12,,0.2
9/12/19 13:13,,0.2
9/12/19 13:13,,0.2
9/12/19 13:13,,0.2
9/12/19 13:14,,0.2
9/12/19 13:14,,0.2
9/12/19 13:14,,0.2
9/12/19 13:14,,0.2
9/12/19 13:14,,0.2
9/12/19 13:15,,0.2
9/12/19 13:15,,0.2
9/12/19 13:15,,0.2
9/12/19 13:15,,0.2
9/12/19 13:15,,0.2
9/12/19 13:15,,0.2
9/12/19 13:15,68.248,0
9/12/19 13:15,,0.2
9/12/19 13:15,,0.2
9/12/19 13:15,,0.2
9/12/19 13:16,,0.2
9/12/19 13:16,,0.2
9/12/19 13:16,,0.2
9/12/19 13:16,,0.2
9/12/19 13:16,,0.2
9/12/19 13:16,,0.2
9/12/19 13:16,,0.2
9/12/19 13:16,,0.2
9/12/19 13:16,,0.2
9/12/19 13:16,,0.2
9/12/19 13:16,,0.2
9/12/19 13:17,,0.2
9/12/19 13:17,,0.2
9/12/19 13:17,,0.2
9/12/19 13:17,,0.2
9/12/19 13:17,,0.2
9/12/19 13:18,,0.2
9/12/19 13:19,,0.2
9/12/19 13:22,,0.2
9/12/19 13:26,,0.2
9/12/19 13:30,68.077,0
9/12/19 13:31,,0.2
9/12/19 13:45,68.592,0
9/12/19 14:00,70.824,0
9/12/19 14:15,72.718,0
9/12/19 14:30,74.098,0
9/12/19 14:45,75.484,0
9/12/19 15:00,76.006,0
9/12/19 15:15,77.923,0
9/12/19 15:30,78.8,0
9/12/19 15:45,76.876,0
9/12/19 16:00,74.791,0
9/12/19 16:15,74.446,0
9/12/19 16:30,74.791,0
9/12/19 16:45,73.926,0
9/12/19 17:00,72.891,0
9/12/19 17:15,71.512,0
9/12/19 17:30,70.308,0
9/12/19 17:45,69.964,0
9/12/19 18:00,69.793,0
9/12/19 18:06,,0.2
9/12/19 18:07,,0.2
9/12/19 18:07,,0.2
9/12/19 18:07,,0.2
9/12/19 18:08,,0.2
9/12/19 18:08,,0.2
9/12/19 18:09,,0.2
9/12/19 18:09,,0.2
9/12/19 18:10,,0.2
9/12/19 18:10,,0.2
9/12/19 18:10,,0.2
9/12/19 18:11,,0.2
9/12/19 18:11,,0.2
9/12/19 18:12,,0.2
9/12/19 18:12,,0.2
9/12/19 18:13,,0.2
9/12/19 18:13,,0.2
9/12/19 18:15,,0.2
9/12/19 18:15,68.763,0
9/12/19 18:16,,0.2
9/12/19 18:17,,0.2
9/12/19 18:18,,0.2
9/12/19 18:18,,0.2
9/12/19 18:18,,0.2
9/12/19 18:19,,0.2
9/12/19 18:19,,0.2
9/12/19 18:20,,0.2
9/12/19 18:20,,0.2
9/12/19 18:21,,0.2
9/12/19 18:21,,0.2
9/12/19 18:22,,0.2
9/12/19 18:23,,0.2
9/12/19 18:26,,0.2
9/12/19 18:28,,0.2
9/12/19 18:30,67.906,0
9/12/19 18:30,,0.2
9/12/19 18:31,,0.2
9/12/19 18:31,,0.2
9/12/19 18:33,,0.2
9/12/19 18:34,,0.2
9/12/19 18:34,,0.2
9/12/19 18:36,,0.2
9/12/19 18:36,,0.2
9/12/19 18:40,,0.2
9/12/19 18:40,,0.2
9/12/19 18:41,,0.2
9/12/19 18:44,,0.2
9/12/19 18:45,67.392,0
9/12/19 19:00,67.221,0
9/12/19 19:04,,0.2
9/12/19 19:06,,0.2
9/12/19 19:06,,0.2
9/12/19 19:07,,0.2
9/12/19 19:07,,0.2
9/12/19 19:07,,0.2
9/12/19 19:07,,0.2
9/12/19 19:07,,0.2
9/12/19 19:08,,0.2
9/12/19 19:08,,0.2
9/12/19 19:08,,0.2
9/12/19 19:08,,0.2
9/12/19 19:08,,0.2
9/12/19 19:08,,0.2
9/12/19 19:08,,0.2
9/12/19 19:09,,0.2
9/12/19 19:09,,0.2
9/12/19 19:09,,0.2
9/12/19 19:10,,0.2
9/12/19 19:10,,0.2
9/12/19 19:12,,0.2
9/12/19 19:12,,0.2
9/12/19 19:15,67.221,0
9/12/19 19:30,67.221,0
9/12/19 19:45,67.05,0
9/12/19 20:00,66.708,0
9/12/19 20:15,66.708,0
9/12/19 20:30,66.879,0
9/12/19 20:45,67.05,0
9/12/19 21:00,66.879,0
9/12/19 21:15,66.708,0
9/12/19 21:30,66.537,0
9/12/19 21:45,66.708,0
9/12/19 22:00,66.708,0
9/12/19 22:15,66.708,0
9/12/19 22:30,66.708,0
9/12/19 22:45,66.708,0
9/12/19 23:00,66.708,0
9/12/19 23:15,66.708,0
9/12/19 23:30,66.708,0
9/12/19 23:45,66.708,0
9/13/19 0:00,66.708,0
9/13/19 0:15,66.708,0
9/13/19 0:30,66.537,0
9/13/19 0:45,66.366,0
9/13/19 1:00,66.193,0
9/13/19 1:15,65.68,0
9/13/19 1:30,65.509,0
9/13/19 1:45,65.167,0
9/13/19 2:00,64.652,0
9/13/19 2:15,64.481,0
9/13/19 2:30,64.481,0
9/13/19 2:45,64.652,0
9/13/19 3:00,64.652,0
9/13/19 3:15,64.825,0
9/13/19 3:30,64.825,0
9/13/19 3:45,64.825,0
9/13/19 4:00,64.825,0
9/13/19 4:15,64.996,0
9/13/19 4:30,64.996,0
9/13/19 4:45,65.167,0
9/13/19 5:00,65.167,0
9/13/19 5:15,65.167,0
9/13/19 5:16,,0.2
9/13/19 5:22,,0.2
9/13/19 5:30,65.167,0
9/13/19 5:45,64.996,0
9/13/19 6:00,64.825,0
9/13/19 6:06,,0.2
9/13/19 6:15,64.996,0
9/13/19 6:30,65.167,0
9/13/19 6:45,65.509,0
9/13/19 7:00,65.851,0
9/13/19 7:15,66.193,0
9/13/19 7:30,66.708,0
9/13/19 7:45,66.708,0
9/13/19 8:00,67.221,0
9/13/19 8:15,68.077,0
9/13/19 8:30,69.107,0
9/13/19 8:45,69.278,0
9/13/19 9:00,69.449,0
9/13/19 9:15,69.622,0
9/13/19 9:30,69.622,0
9/13/19 9:45,69.622,0
9/13/19 10:00,70.48,0
9/13/19 10:15,70.995,0
9/13/19 10:16,,0.2
9/13/19 10:20,,0.2
9/13/19 10:30,71.339,0
9/13/19 10:45,71.339,0
9/13/19 11:00,71.856,0
9/13/19 11:07,,0.2
9/13/19 11:09,,0.2
9/13/19 11:13,,0.2
9/13/19 11:15,70.137,0
9/13/19 11:18,,0.2
9/13/19 11:21,,0.2
9/13/19 11:21,,0.2
9/13/19 11:26,,0.2
9/13/19 11:28,,0.2
9/13/19 11:30,68.763,0
9/13/19 11:32,,0.2
9/13/19 11:35,,0.2
9/13/19 11:41,,0.2
9/13/19 11:45,68.763,0
9/13/19 12:00,68.934,0
9/13/19 12:01,,0.2
9/13/19 12:09,,0.2
9/13/19 12:09,,0.2
9/13/19 12:15,68.592,0
9/13/19 12:25,,0.2
9/13/19 12:26,,0.2
9/13/19 12:27,,0.2
9/13/19 12:27,,0.2
9/13/19 12:27,,0.2
9/13/19 12:27,,0.2
9/13/19 12:28,,0.2
9/13/19 12:28,,0.2
9/13/19 12:28,,0.2
9/13/19 12:29,,0.2
9/13/19 12:29,,0.2
9/13/19 12:30,,0.2
9/13/19 12:30,,0.2
9/13/19 12:30,68.248,0
9/13/19 12:31,,0.2
9/13/19 12:31,,0.2
9/13/19 12:32,,0.2
9/13/19 12:32,,0.2
9/13/19 12:32,,0.2
9/13/19 12:33,,0.2
9/13/19 12:33,,0.2
9/13/19 12:34,,0.2
9/13/19 12:34,,0.2
9/13/19 12:34,,0.2
9/13/19 12:34,,0.2
9/13/19 12:35,,0.2
9/13/19 12:35,,0.2
9/13/19 12:36,,0.2
9/13/19 12:36,,0.2
9/13/19 12:36,,0.2
9/13/19 12:37,,0.2
9/13/19 12:37,,0.2
9/13/19 12:37,,0.2
9/13/19 12:37,,0.2
9/13/19 12:38,,0.2
9/13/19 12:38,,0.2
9/13/19 12:39,,0.2
9/13/19 12:39,,0.2
9/13/19 12:40,,0.2
9/13/19 12:41,,0.2
9/13/19 12:41,,0.2
9/13/19 12:41,,0.2
9/13/19 12:42,,0.2
9/13/19 12:42,,0.2
9/13/19 12:43,,0.2
9/13/19 12:43,,0.2
9/13/19 12:44,,0.2
9/13/19 12:45,,0.2
9/13/19 12:45,67.221,0
9/13/19 12:46,,0.2
9/13/19 12:46,,0.2
9/13/19 12:46,,0.2
9/13/19 12:47,,0.2
9/13/19 12:48,,0.2
9/13/19 12:49,,0.2
9/13/19 12:50,,0.2
9/13/19 12:51,,0.2
9/13/19 12:52,,0.2
9/13/19 12:52,,0.2
9/13/19 12:52,,0.2
9/13/19 12:53,,0.2
9/13/19 12:54,,0.2
9/13/19 12:54,,0.2
9/13/19 12:55,,0.2
9/13/19 12:56,,0.2
9/13/19 12:56,,0.2
9/13/19 12:56,,0.2
9/13/19 12:57,,0.2
9/13/19 12:58,,0.2
9/13/19 12:59,,0.2
9/13/19 12:59,,0.2
9/13/19 13:00,,0.2
9/13/19 13:00,,0.2
9/13/19 13:00,67.05,0
9/13/19 13:00,,0.2
9/13/19 13:01,,0.2
9/13/19 13:01,,0.2
9/13/19 13:02,,0.2
9/13/19 13:02,,0.2
9/13/19 13:03,,0.2
9/13/19 13:04,,0.2
9/13/19 13:05,,0.2
9/13/19 13:06,,0.2
9/13/19 13:08,,0.2
9/13/19 13:09,,0.2
9/13/19 13:09,,0.2
9/13/19 13:09,,0.2
9/13/19 13:10,,0.2
9/13/19 13:10,,0.2
9/13/19 13:12,,0.2
9/13/19 13:15,66.708,0
9/13/19 13:29,,0.2
9/13/19 13:30,67.221,0
9/13/19 13:45,69.278,0
9/13/19 14:00,71.168,0
9/13/19 14:15,74.619,0
9/13/19 14:30,78.8,0
9/13/19 14:45,80.382,0
9/13/19 15:00,80.559,0
9/13/19 15:15,83.221,0
9/13/19 15:30,80.206,0
9/13/19 15:45,80.029,0
9/13/19 16:00,78.8,0
9/13/19 16:15,77.749,0
9/13/19 16:30,75.312,0
9/13/19 16:45,76.876,0
9/13/19 17:00,79.502,0
9/13/19 17:15,81.797,0
9/13/19 17:30,78.8,0
9/13/19 17:45,73.407,0
9/13/19 18:00,69.964,0
9/13/19 18:15,68.077,0
9/13/19 18:30,66.537,0
9/13/19 18:45,65.338,0
9/13/19 19:00,64.481,0
9/13/19 19:15,64.139,0
9/13/19 19:30,63.968,0
9/13/19 19:45,63.797,0
9/13/19 20:00,63.968,0
9/13/19 20:15,63.968,0
9/13/19 20:30,64.31,0
9/13/19 20:45,64.481,0
9/13/19 21:00,64.825,0
9/13/19 21:15,64.825,0
9/13/19 21:30,64.996,0
9/13/19 21:45,64.825,0
9/13/19 22:00,64.996,0
9/13/19 22:15,64.996,0
9/13/19 22:30,64.996,0
9/13/19 22:40,,0.2
9/13/19 22:45,64.652,0
9/13/19 23:00,64.139,0
9/13/19 23:15,64.139,0
9/13/19 23:30,64.139,0
9/13/19 23:37,,0.2
9/13/19 23:40,,0.2
9/13/19 23:43,,0.2
9/13/19 23:44,,0.2
9/13/19 23:45,64.139,0
9/13/19 23:47,,0.2
9/13/19 23:49,,0.2
9/13/19 23:51,,0.2
9/13/19 23:54,,0.2
9/13/19 23:57,,0.2
9/14/19 0:00,,0.2
9/14/19 0:00,64.139,0
9/14/19 0:03,,0.2
9/14/19 0:06,,0.2
9/14/19 0:10,,0.2
9/14/19 0:14,,0.2
9/14/19 0:15,63.968,0
9/14/19 0:17,,0.2
9/14/19 0:21,,0.2
9/14/19 0:27,,0.2
9/14/19 0:30,63.968,0
9/14/19 0:36,,0.2
9/14/19 0:45,63.797,0
9/14/19 1:00,63.626,0
9/14/19 1:05,,0.2
9/14/19 1:15,63.626,0
9/14/19 1:30,63.626,0
9/14/19 1:45,63.626,0
9/14/19 2:00,63.797,0
9/14/19 2:15,63.626,0
9/14/19 2:30,63.797,0
9/14/19 2:45,63.797,0
9/14/19 3:00,63.968,0
9/14/19 3:15,63.968,0
9/14/19 3:30,63.797,0
9/14/19 3:45,63.455,0
9/14/19 4:00,63.111,0
9/14/19 4:15,62.94,0
9/14/19 4:30,62.94,0
9/14/19 4:45,62.94,0
9/14/19 5:00,63.111,0
9/14/19 5:15,63.626,0
9/14/19 5:30,64.139,0
9/14/19 5:45,64.139,0
9/14/19 6:00,64.139,0
9/14/19 6:15,63.968,0
9/14/19 6:30,64.31,0
9/14/19 6:45,64.825,0
9/14/19 7:00,65.851,0
9/14/19 7:15,66.708,0
9/14/19 7:30,67.392,0
9/14/19 7:45,67.735,0
9/14/19 8:00,67.735,0
9/14/19 8:15,67.05,0
9/14/19 8:30,67.392,0
9/14/19 8:35,,0.2
9/14/19 8:45,66.879,0
9/14/19 8:54,,0.2
9/14/19 9:00,66.879,0
9/14/19 9:02,,0.2
9/14/19 9:02,,0.2
9/14/19 9:15,66.879,0
9/14/19 9:30,66.879,0
9/14/19 9:45,69.107,0
9/14/19 10:00,72.545,0
9/14/19 10:15,76.354,0
9/14/19 10:30,75.484,0
9/14/19 10:45,78.098,0
9/14/19 11:00,78.624,0
9/14/19 11:15,78.274,0
9/14/19 11:30,78.8,0
9/14/19 11:45,78.274,0
9/14/19 12:00,75.832,0
9/14/19 12:15,77.574,0
9/14/19 12:30,84.474,0
9/14/19 12:45,85.554,0
9/14/19 13:00,86.459,0
9/14/19 13:15,82.33,0
9/14/19 13:30,82.152,0
9/14/19 13:45,80.029,0
9/14/19 14:00,75.659,0
9/14/19 14:15,77.574,0
9/14/19 14:30,80.382,0
9/14/19 14:45,79.678,0
9/14/19 15:00,78.975,0
9/14/19 15:15,80.911,0
9/14/19 15:30,80.735,0
9/14/19 15:45,80.911,0
9/14/19 16:00,77.225,0
9/14/19 16:15,74.964,0
9/14/19 16:30,73.407,0
9/14/19 16:45,73.234,0
9/14/19 17:00,71.856,0
9/14/19 17:15,70.308,0
9/14/19 17:30,69.107,0
9/14/19 17:45,68.421,0
9/14/19 18:00,68.077,0
9/14/19 18:15,67.735,0
9/14/19 18:30,67.564,0
9/14/19 18:45,67.221,0
9/14/19 19:00,67.05,0
9/14/19 19:15,67.05,0
9/14/19 19:30,67.05,0
9/14/19 19:45,66.879,0
9/14/19 20:00,66.366,0
9/14/19 20:15,66.022,0
9/14/19 20:30,65.338,0
9/14/19 20:45,64.825,0
9/14/19 21:00,64.996,0
9/14/19 21:15,65.167,0
9/14/19 21:30,65.167,0
9/14/19 21:45,65.338,0
9/14/19 22:00,64.825,0
9/14/19 22:15,64.31,0
9/14/19 22:30,63.797,0
9/14/19 22:45,63.455,0
9/14/19 23:00,62.94,0
9/14/19 23:15,62.254,0
9/14/19 23:30,62.083,0
9/14/19 23:45,62.083,0
9/15/19 0:00,61.912,0
9/15/19 0:15,61.741,0
9/15/19 0:30,62.254,0
9/15/19 0:45,62.769,0
9/15/19 1:00,63.282,0
9/15/19 1:15,63.455,0
9/15/19 1:30,63.626,0
9/15/19 1:45,63.968,0
9/15/19 2:00,64.139,0
9/15/19 2:15,64.31,0
9/15/19 2:30,64.481,0
9/15/19 2:45,64.481,0
9/15/19 3:00,64.481,0
9/15/19 3:15,64.652,0
9/15/19 3:30,64.481,0
9/15/19 3:45,64.481,0
9/15/19 4:00,64.652,0
9/15/19 4:15,64.481,0
9/15/19 4:30,64.481,0
9/15/19 4:45,64.481,0
9/15/19 5:00,64.481,0
9/15/19 5:15,64.652,0
9/15/19 5:30,64.481,0
9/15/19 5:45,64.31,0
9/15/19 6:00,63.968,0
9/15/19 6:15,63.455,0
9/15/19 6:30,62.94,0
9/15/19 6:45,63.111,0
9/15/19 7:00,63.797,0
9/15/19 7:15,64.825,0
9/15/19 7:30,65.851,0
9/15/19 7:45,66.879,0
9/15/19 8:00,69.449,0
9/15/19 8:15,72.199,0
9/15/19 8:30,77.749,0
9/15/19 8:45,80.206,0
9/15/19 9:00,81.09,0
9/15/19 9:15,80.029,0
9/15/19 9:30,77.574,0
9/15/19 9:45,78.098,0
9/15/19 10:00,74.964,0
9/15/19 10:15,74.619,0
9/15/19 10:30,75.312,0
9/15/19 10:45,77.749,0
9/15/19 11:00,78.975,0
9/15/19 11:15,77.749,0
9/15/19 11:30,77.749,0
9/15/19 11:45,79.502,0
9/15/19 12:00,82.686,0
9/15/19 12:15,83.935,0
9/15/19 12:30,83.935,0
9/15/19 12:45,83.579,0
9/15/19 13:00,84.295,0
9/15/19 13:15,81.442,0
9/15/19 13:30,78.098,0
9/15/19 13:45,78.8,0
9/15/19 14:00,77.749,0
9/15/19 14:15,75.832,0
9/15/19 14:30,80.206,0
9/15/19 14:45,85.915,0
9/15/19 15:00,88.282,0
9/15/19 15:15,86.277,0
9/15/19 15:30,78.975,0
9/15/19 15:45,77.4,0
9/15/19 16:00,75.484,0
9/15/19 16:15,73.926,0
9/15/19 16:30,73.407,0
9/15/19 16:45,72.545,0
9/15/19 17:00,71.339,0
9/15/19 17:15,70.137,0
9/15/19 17:30,69.278,0
9/15/19 17:45,69.107,0
9/15/19 18:00,68.763,0
9/15/19 18:15,68.248,0
9/15/19 18:30,67.906,0
9/15/19 18:45,67.735,0
9/15/19 19:00,67.564,0
9/15/19 19:15,67.392,0
9/15/19 19:30,67.05,0
9/15/19 19:45,66.708,0
9/15/19 20:00,65.68,0
9/15/19 20:15,64.481,0
9/15/19 20:30,64.139,0
9/15/19 20:45,64.31,0
9/15/19 21:00,63.968,0
9/15/19 21:15,64.31,0
9/15/19 21:30,64.481,0
9/15/19 21:45,64.825,0
9/15/19 22:00,64.825,0
9/15/19 22:15,64.652,0
9/15/19 22:30,64.481,0
9/15/19 22:45,63.968,0
9/15/19 23:00,63.455,0
9/15/19 23:15,62.769,0
9/15/19 23:30,62.598,0
9/15/19 23:45,62.425,0
9/16/19 0:00,62.083,0
9/16/19 0:15,61.912,0
9/16/19 0:30,61.741,0
9/16/19 0:45,61.398,0
9/16/19 1:00,61.398,0
9/16/19 1:15,61.227,0
9/16/19 1:30,61.227,0
9/16/19 1:45,61.569,0
9/16/19 2:00,61.398,0
9/16/19 2:15,61.054,0
9/16/19 2:30,60.539,0
9/16/19 2:45,60.368,0
9/16/19 3:00,60.539,0
9/16/19 3:15,60.539,0
9/16/19 3:30,60.883,0
9/16/19 3:45,60.712,0
9/16/19 4:00,60.195,0
9/16/19 4:15,60.024,0
9/16/19 4:30,60.368,0
9/16/19 4:45,60.883,0
9/16/19 5:00,61.054,0
9/16/19 5:15,60.883,0
9/16/19 5:30,60.883,0
9/16/19 5:45,60.883,0
9/16/19 6:00,60.883,0
9/16/19 6:15,61.054,0
9/16/19 6:30,61.227,0
9/16/19 6:45,61.569,0
9/16/19 7:00,62.083,0
9/16/19 7:15,62.769,0
9/16/19 7:30,63.626,0
9/16/19 7:45,64.481,0
9/16/19 8:00,68.763,0
9/16/19 8:15,71.683,0
9/16/19 8:30,74.271,0
9/16/19 8:45,76.703,0
9/16/19 9:00,78.449,0
9/16/19 9:15,79.326,0
9/16/19 9:30,76.006,0
9/16/19 9:45,76.006,0
9/16/19 10:00,76.006,0
9/16/19 10:15,77.923,0
9/16/19 10:30,76.528,0
9/16/19 10:45,79.151,0
9/16/19 11:00,79.502,0
9/16/19 11:15,81.621,0
9/16/19 11:30,85.194,0
9/16/19 11:45,89.2,0
9/16/19 12:00,89.384,0
9/16/19 12:15,84.654,0
9/16/19 12:30,86.097,0
9/16/19 12:45,87.733,0
9/16/19 13:00,82.33,0
9/16/19 13:15,82.33,0
9/16/19 13:30,76.528,0
9/16/19 13:45,73.926,0
9/16/19 14:00,72.718,0
9/16/19 14:15,69.964,0
9/16/19 14:30,69.278,0
9/16/19 14:45,70.995,0
9/16/19 15:00,71.512,0
9/16/19 15:06,,0.2
9/16/19 15:15,70.308,0
9/16/19 15:30,73.926,0
9/16/19 15:45,75.312,0
9/16/19 16:00,77.4,0
9/16/19 16:15,76.181,0
9/16/19 16:30,74.271,0
9/16/19 16:45,72.372,0
9/16/19 17:00,70.308,0
9/16/19 17:15,68.934,0
9/16/19 17:30,68.077,0
9/16/19 17:45,67.906,0
9/16/19 18:00,67.735,0
9/16/19 18:15,67.564,0
9/16/19 18:30,67.392,0
9/16/19 18:45,67.392,0
9/16/19 19:00,67.392,0
9/16/19 19:15,67.05,0
9/16/19 19:30,66.366,0
9/16/19 19:45,66.022,0
9/16/19 20:00,65.851,0
9/16/19 20:15,64.996,0
9/16/19 20:30,64.31,0
9/16/19 20:45,63.797,0
9/16/19 21:00,63.797,0
9/16/19 21:15,63.797,0
9/16/19 21:30,63.282,0
9/16/19 21:45,62.94,0
9/16/19 22:00,63.111,0
9/16/19 22:15,63.282,0
9/16/19 22:30,63.626,0
9/16/19 22:45,63.797,0
9/16/19 23:00,64.139,0
9/16/19 23:15,63.968,0
9/16/19 23:30,64.139,0
9/16/19 23:45,64.31,0
9/17/19 0:00,64.31,0
9/17/19 0:15,64.139,0
9/17/19 0:30,64.31,0
9/17/19 0:45,64.139,0
9/17/19 1:00,63.968,0
9/17/19 1:15,63.797,0
9/17/19 1:30,63.626,0
9/17/19 1:45,63.626,0
9/17/19 2:00,63.626,0
9/17/19 2:15,63.626,0
9/17/19 2:30,63.282,0
9/17/19 2:45,63.111,0
9/17/19 3:00,62.94,0
9/17/19 3:15,62.94,0
9/17/19 3:30,63.111,0
9/17/19 3:45,63.282,0
9/17/19 4:00,63.282,0
9/17/19 4:15,63.111,0
9/17/19 4:30,63.111,0
9/17/19 4:45,63.282,0
9/17/19 5:00,63.455,0
9/17/19 5:15,63.455,0
9/17/19 5:18,,0.2
9/17/19 5:23,,0.2
9/17/19 5:26,,0.2
9/17/19 5:28,,0.2
9/17/19 5:29,,0.2
9/17/19 5:30,63.455,0
9/17/19 5:31,,0.2
9/17/19 5:32,,0.2
9/17/19 5:34,,0.2
9/17/19 5:35,,0.2
9/17/19 5:37,,0.2
9/17/19 5:38,,0.2
9/17/19 5:39,,0.2
9/17/19 5:41,,0.2
9/17/19 5:42,,0.2
9/17/19 5:43,,0.2
9/17/19 5:44,,0.2
9/17/19 5:45,63.282,0
9/17/19 5:46,,0.2
9/17/19 5:47,,0.2
9/17/19 5:49,,0.2
9/17/19 5:50,,0.2
9/17/19 5:51,,0.2
9/17/19 5:53,,0.2
9/17/19 5:55,,0.2
9/17/19 5:56,,0.2
9/17/19 5:58,,0.2
9/17/19 6:00,,0.2
9/17/19 6:00,63.282,0
9/17/19 6:01,,0.2
9/17/19 6:03,,0.2
9/17/19 6:05,,0.2
9/17/19 6:08,,0.2
9/17/19 6:11,,0.2
9/17/19 6:14,,0.2
9/17/19 6:15,63.282,0
9/17/19 6:16,,0.2
9/17/19 6:19,,0.2
9/17/19 6:22,,0.2
9/17/19 6:24,,0.2
9/17/19 6:27,,0.2
9/17/19 6:30,63.455,0
9/17/19 6:30,,0.2
9/17/19 6:33,,0.2
9/17/19 6:35,,0.2
9/17/19 6:38,,0.2
9/17/19 6:40,,0.2
9/17/19 6:44,,0.2
9/17/19 6:45,63.626,0
9/17/19 6:48,,0.2
9/17/19 6:55,,0.2
9/17/19 7:00,64.31,0
9/17/19 7:03,,0.2
9/17/19 7:09,,0.2
9/17/19 7:15,64.652,0
9/17/19 7:26,,0.2
9/17/19 7:26,,0.2
9/17/19 7:27,,0.2
9/17/19 7:27,,0.2
9/17/19 7:27,,0.2
9/17/19 7:27,,0.2
9/17/19 7:28,,0.2
9/17/19 7:28,,0.2
9/17/19 7:28,,0.2
9/17/19 7:28,,0.2
9/17/19 7:29,,0.2
9/17/19 7:29,,0.2
9/17/19 7:29,,0.2
9/17/19 7:29,,0.2
9/17/19 7:29,,0.2
9/17/19 7:29,,0.2
9/17/19 7:30,,0.2
9/17/19 7:30,,0.2
9/17/19 7:30,,0.2
9/17/19 7:30,65.167,0
9/17/19 7:30,,0.2
9/17/19 7:30,,0.2
9/17/19 7:31,,0.2
9/17/19 7:31,,0.2
9/17/19 7:31,,0.2
9/17/19 7:31,,0.2
9/17/19 7:31,,0.2
9/17/19 7:32,,0.2
9/17/19 7:32,,0.2
9/17/19 7:32,,0.2
9/17/19 7:32,,0.2
9/17/19 7:33,,0.2
9/17/19 7:33,,0.2
9/17/19 7:33,,0.2
9/17/19 7:34,,0.2
9/17/19 7:34,,0.2
9/17/19 7:35,,0.2
9/17/19 7:36,,0.2
9/17/19 7:36,,0.2
9/17/19 7:39,,0.2
9/17/19 7:42,,0.2
9/17/19 7:43,,0.2
9/17/19 7:44,,0.2
9/17/19 7:45,,0.2
9/17/19 7:45,,0.2
9/17/19 7:45,65.509,0
9/17/19 7:46,,0.2
9/17/19 7:47,,0.2
9/17/19 7:47,,0.2
9/17/19 7:47,,0.2
9/17/19 7:48,,0.2
9/17/19 7:48,,0.2
9/17/19 7:48,,0.2
9/17/19 7:49,,0.2
9/17/19 7:49,,0.2
9/17/19 7:49,,0.2
9/17/19 7:49,,0.2
9/17/19 7:50,,0.2
9/17/19 7:50,,0.2
9/17/19 7:51,,0.2
9/17/19 7:52,,0.2
9/17/19 7:55,,0.2
9/17/19 7:57,,0.2
9/17/19 7:58,,0.2
9/17/19 8:00,,0.2
9/17/19 8:00,64.825,0
9/17/19 8:02,,0.2
9/17/19 8:05,,0.2
9/17/19 8:11,,0.2
9/17/19 8:15,66.022,0
9/17/19 8:25,,0.2
9/17/19 8:25,,0.2
9/17/19 8:30,66.537,0
9/17/19 8:45,67.221,0
9/17/19 9:00,,0.2
9/17/19 9:00,66.879,0
9/17/19 9:15,66.193,0
9/17/19 9:16,,0.2
9/17/19 9:19,,0.2
9/17/19 9:23,,0.2
9/17/19 9:23,,0.2
9/17/19 9:26,,0.2
9/17/19 9:30,65.851,0
9/17/19 9:31,,0.2
9/17/19 9:34,,0.2
9/17/19 9:42,,0.2
9/17/19 9:45,65.68,0
9/17/19 9:46,,0.2
9/17/19 9:48,,0.2
9/17/19 9:51,,0.2
9/17/19 9:52,,0.2
9/17/19 9:53,,0.2
9/17/19 9:53,,0.2
9/17/19 9:55,,0.2
9/17/19 9:57,,0.2
9/17/19 9:59,,0.2
9/17/19 10:00,65.509,0
9/17/19 10:01,,0.2
9/17/19 10:03,,0.2
9/17/19 10:04,,0.2
9/17/19 10:04,,0.2
9/17/19 10:05,,0.2
9/17/19 10:07,,0.2
9/17/19 10:12,,0.2
9/17/19 10:15,,0.2
9/17/19 10:15,,0.2
9/17/19 10:15,65.509,0
9/17/19 10:29,,0.2
9/17/19 10:30,65.851,0
9/17/19 10:45,65.509,0
9/17/19 11:00,65.509,0
9/17/19 11:04,,0.2
9/17/19 11:11,,0.2
9/17/19 11:13,,0.2
9/17/19 11:14,,0.2
9/17/19 11:15,65.851,0
9/17/19 11:15,,0.2
9/17/19 11:17,,0.2
9/17/19 11:17,,0.2
9/17/19 11:18,,0.2
9/17/19 11:20,,0.2
9/17/19 11:21,,0.2
9/17/19 11:22,,0.2
9/17/19 11:23,,0.2
9/17/19 11:24,,0.2
9/17/19 11:24,,0.2
9/17/19 11:26,,0.2
9/17/19 11:27,,0.2
9/17/19 11:28,,0.2
9/17/19 11:28,,0.2
9/17/19 11:29,,0.2
9/17/19 11:30,,0.2
9/17/19 11:30,65.338,0
9/17/19 11:31,,0.2
9/17/19 11:33,,0.2
9/17/19 11:34,,0.2
9/17/19 11:36,,0.2
9/17/19 11:36,,0.2
9/17/19 11:36,,0.2
9/17/19 11:37,,0.2
9/17/19 11:37,,0.2
9/17/19 11:38,,0.2
9/17/19 11:38,,0.2
9/17/19 11:38,,0.2
9/17/19 11:39,,0.2
9/17/19 11:39,,0.2
9/17/19 11:39,,0.2
9/17/19 11:39,,0.2
9/17/19 11:39,,0.2
9/17/19 11:40,,0.2
9/17/19 11:40,,0.2
9/17/19 11:40,,0.2
9/17/19 11:40,,0.2
9/17/19 11:40,,0.2
9/17/19 11:40,,0.2
9/17/19 11:40,,0.2
9/17/19 11:41,,0.2
9/17/19 11:41,,0.2
9/17/19 11:41,,0.2
9/17/19 11:41,,0.2
9/17/19 11:41,,0.2
9/17/19 11:41,,0.2
9/17/19 11:42,,0.2
9/17/19 11:42,,0.2
9/17/19 11:42,,0.2
9/17/19 11:43,,0.2
9/17/19 11:43,,0.2
9/17/19 11:43,,0.2
9/17/19 11:43,,0.2
9/17/19 11:44,,0.2
9/17/19 11:44,,0.2
9/17/19 11:44,,0.2
9/17/19 11:45,,0.2
9/17/19 11:45,,0.2
9/17/19 11:45,64.825,0
9/17/19 11:45,,0.2
9/17/19 11:46,,0.2
9/17/19 11:46,,0.2
9/17/19 11:46,,0.2
9/17/19 11:46,,0.2
9/17/19 11:46,,0.2
9/17/19 11:47,,0.2
9/17/19 11:47,,0.2
9/17/19 11:47,,0.2
9/17/19 11:48,,0.2
9/17/19 11:48,,0.2
9/17/19 11:49,,0.2
9/17/19 11:49,,0.2
9/17/19 11:50,,0.2
9/17/19 11:50,,0.2
9/17/19 11:51,,0.2
9/17/19 11:52,,0.2
9/17/19 11:53,,0.2
9/17/19 11:56,,0.2
9/17/19 11:57,,0.2
9/17/19 11:59,,0.2
9/17/19 12:00,,0.2
9/17/19 12:00,64.652,0
9/17/19 12:02,,0.2
9/17/19 12:04,,0.2
9/17/19 12:05,,0.2
9/17/19 12:06,,0.2
9/17/19 12:08,,0.2
9/17/19 12:09,,0.2
9/17/19 12:10,,0.2
9/17/19 12:11,,0.2
9/17/19 12:13,,0.2
9/17/19 12:14,,0.2
9/17/19 12:15,,0.2
9/17/19 12:15,64.996,0
9/17/19 12:17,,0.2
9/17/19 12:17,,0.2
9/17/19 12:18,,0.2
9/17/19 12:20,,0.2
9/17/19 12:20,,0.2
9/17/19 12:22,,0.2
9/17/19 12:24,,0.2
9/17/19 12:25,,0.2
9/17/19 12:25,,0.2
9/17/19 12:26,,0.2
9/17/19 12:26,,0.2
9/17/19 12:27,,0.2
9/17/19 12:27,,0.2
9/17/19 12:28,,0.2
9/17/19 12:28,,0.2
9/17/19 12:29,,0.2
9/17/19 12:30,,0.2
9/17/19 12:30,64.481,0
9/17/19 12:31,,0.2
9/17/19 12:33,,0.2
9/17/19 12:34,,0.2
9/17/19 12:36,,0.2
9/17/19 12:40,,0.2
9/17/19 12:44,,0.2
9/17/19 12:45,64.481,0
9/17/19 12:47,,0.2
9/17/19 12:49,,0.2
9/17/19 12:52,,0.2
9/17/19 12:55,,0.2
9/17/19 12:57,,0.2
9/17/19 13:00,,0.2
9/17/19 13:00,63.968,0
9/17/19 13:02,,0.2
9/17/19 13:04,,0.2
9/17/19 13:06,,0.2
9/17/19 13:07,,0.2
9/17/19 13:09,,0.2
9/17/19 13:11,,0.2
9/17/19 13:14,,0.2
9/17/19 13:15,63.797,0
9/17/19 13:18,,0.2
9/17/19 13:22,,0.2
9/17/19 13:26,,0.2
9/17/19 13:28,,0.2
9/17/19 13:29,,0.2
9/17/19 13:30,63.797,0
9/17/19 13:32,,0.2
9/17/19 13:34,,0.2
9/17/19 13:38,,0.2
9/17/19 13:42,,0.2
9/17/19 13:44,,0.2
9/17/19 13:45,63.455,0
9/17/19 13:46,,0.2
9/17/19 13:48,,0.2
9/17/19 13:50,,0.2
9/17/19 13:51,,0.2
9/17/19 13:54,,0.2
9/17/19 13:55,,0.2
9/17/19 13:57,,0.2
9/17/19 14:00,,0.2
9/17/19 14:00,63.455,0
9/17/19 14:03,,0.2
9/17/19 14:09,,0.2
9/17/19 14:12,,0.2
9/17/19 14:15,63.455,0
9/17/19 14:15,,0.2
9/17/19 14:19,,0.2
9/17/19 14:26,,0.2
9/17/19 14:30,,0.2
9/17/19 14:30,63.455,0
9/17/19 14:35,,0.2
9/17/19 14:39,,0.2
9/17/19 14:43,,0.2
9/17/19 14:45,63.282,0
9/17/19 14:46,,0.2
9/17/19 14:52,,0.2
9/17/19 14:55,,0.2
9/17/19 14:57,,0.2
9/17/19 15:00,,0.2
9/17/19 15:00,63.111,0
9/17/19 15:03,,0.2
9/17/19 15:05,,0.2
9/17/19 15:07,,0.2
9/17/19 15:08,,0.2
9/17/19 15:10,,0.2
9/17/19 15:11,,0.2
9/17/19 15:13,,0.2
9/17/19 15:14,,0.2
9/17/19 15:15,62.94,0
9/17/19 15:17,,0.2
9/17/19 15:21,,0.2
9/17/19 15:25,,0.2
9/17/19 15:27,,0.2
9/17/19 15:28,,0.2
9/17/19 15:29,,0.2
9/17/19 15:30,62.769,0
9/17/19 15:30,,0.2
9/17/19 15:32,,0.2
9/17/19 15:33,,0.2
9/17/19 15:33,,0.2
9/17/19 15:34,,0.2
9/17/19 15:35,,0.2
9/17/19 15:36,,0.2
9/17/19 15:37,,0.2
9/17/19 15:38,,0.2
9/17/19 15:39,,0.2
9/17/19 15:41,,0.2
9/17/19 15:42,,0.2
9/17/19 15:43,,0.2
9/17/19 15:44,,0.2
9/17/19 15:45,62.425,0
9/17/19 15:45,,0.2
9/17/19 15:46,,0.2
9/17/19 15:47,,0.2
9/17/19 15:48,,0.2
9/17/19 15:49,,0.2
9/17/19 15:50,,0.2
9/17/19 15:51,,0.2
9/17/19 15:52,,0.2
9/17/19 15:52,,0.2
9/17/19 15:53,,0.2
9/17/19 15:54,,0.2
9/17/19 15:54,,0.2
9/17/19 15:55,,0.2
9/17/19 15:56,,0.2
9/17/19 15:57,,0.2
9/17/19 15:58,,0.2
9/17/19 15:59,,0.2
9/17/19 16:00,,0.2
9/17/19 16:00,62.254,0
9/17/19 16:01,,0.2
9/17/19 16:02,,0.2
9/17/19 16:03,,0.2
9/17/19 16:04,,0.2
9/17/19 16:06,,0.2
9/17/19 16:07,,0.2
9/17/19 16:09,,0.2
9/17/19 16:11,,0.2
9/17/19 16:12,,0.2
9/17/19 16:13,,0.2
9/17/19 16:15,,0.2
9/17/19 16:15,62.425,0
9/17/19 16:18,,0.2
9/17/19 16:22,,0.2
9/17/19 16:29,,0.2
9/17/19 16:30,62.598,0
9/17/19 16:43,,0.2
9/17/19 16:45,62.598,0
9/17/19 17:00,62.598,0
9/17/19 17:15,62.425,0
9/17/19 17:30,62.254,0
9/17/19 17:36,,0.2
9/17/19 17:45,61.912,0
9/17/19 17:58,,0.2
9/17/19 18:00,61.741,0
9/17/19 18:10,,0.2
9/17/19 18:15,61.569,0
9/17/19 18:23,,0.2
9/17/19 18:30,61.569,0
9/17/19 18:36,,0.2
9/17/19 18:45,61.398,0
9/17/19 18:50,,0.2
9/17/19 19:00,61.398,0
9/17/19 19:02,,0.2
9/17/19 19:15,61.227,0
9/17/19 19:18,,0.2
9/17/19 19:30,61.227,0
9/17/19 19:39,,0.2
9/17/19 19:45,61.054,0
9/17/19 20:00,60.883,0
9/17/19 20:15,60.883,0
9/17/19 20:30,60.883,0
9/17/19 20:45,60.883,0
9/17/19 20:52,,0.2
9/17/19 21:00,60.883,0
9/17/19 21:12,,0.2
9/17/19 21:15,60.883,0
9/17/19 21:25,,0.2
9/17/19 21:30,61.054,0
9/17/19 21:40,,0.2
9/17/19 21:45,61.227,0
9/17/19 22:00,61.398,0
9/17/19 22:02,,0.2
9/17/19 22:15,61.398,0
9/17/19 22:25,,0.2
9/17/19 22:30,61.227,0
9/17/19 22:45,61.227,0
9/17/19 22:47,,0.2
9/17/19 23:00,61.398,0
9/17/19 23:15,61.569,0
9/17/19 23:30,61.569,0
9/17/19 23:45,61.398,0
9/17/19 23:56,,0.2
9/18/19 0:00,61.398,0
9/18/19 0:15,61.569,0
9/18/19 0:30,61.569,0
9/18/19 0:30,,0.2
9/18/19 0:45,61.569,0
9/18/19 0:46,,0.2
9/18/19 0:54,,0.2
9/18/19 0:58,,0.2
9/18/19 1:00,61.569,0
9/18/19 1:03,,0.2
9/18/19 1:10,,0.2
9/18/19 1:15,61.569,0
9/18/19 1:22,,0.2
9/18/19 1:28,,0.2
9/18/19 1:30,61.569,0
9/18/19 1:45,61.741,0
9/18/19 1:46,,0.2
9/18/19 2:00,61.741,0
9/18/19 2:09,,0.2
9/18/19 2:15,61.741,0
9/18/19 2:30,61.741,0
9/18/19 2:43,,0.2
9/18/19 2:45,61.741,0
9/18/19 3:00,61.741,0
9/18/19 3:01,,0.2
9/18/19 3:15,61.569,0
9/18/19 3:30,61.569,0
9/18/19 3:38,,0.2
9/18/19 3:45,61.569,0
9/18/19 4:00,61.569,0
9/18/19 4:15,61.741,0
9/18/19 4:19,,0.2
9/18/19 4:30,61.741,0
9/18/19 4:45,61.741,0
9/18/19 5:00,61.741,0
9/18/19 5:15,61.741,0
9/18/19 5:30,61.569,0
9/18/19 5:32,,0.2
9/18/19 5:43,,0.2
9/18/19 5:45,61.569,0
9/18/19 5:53,,0.2
9/18/19 5:59,,0.2
9/18/19 6:00,61.569,0
9/18/19 6:10,,0.2
9/18/19 6:15,61.569,0
9/18/19 6:28,,0.2
9/18/19 6:30,61.741,0
9/18/19 6:45,61.741,0
9/18/19 6:59,,0.2
9/18/19 7:00,61.912,0
9/18/19 7:14,,0.2
9/18/19 7:15,62.083,0
9/18/19 7:21,,0.2
9/18/19 7:30,62.083,0
9/18/19 7:31,,0.2
9/18/19 7:42,,0.2
9/18/19 7:45,62.254,0
9/18/19 7:54,,0.2
9/18/19 8:00,62.425,0
9/18/19 8:03,,0.2
9/18/19 8:12,,0.2
9/18/19 8:15,62.94,0
9/18/19 8:30,62.94,0
9/18/19 8:32,,0.2
9/18/19 8:45,63.282,0
9/18/19 8:56,,0.2
9/18/19 9:00,63.282,0
9/18/19 9:15,63.282,0
9/18/19 9:30,63.797,0